id,section,name,locator,actions,condition,backend,source,symbol
,01 主窗口,最近文件条目,recent-item / recent-remove,点击路径打开；单条×移除；不存在文件提示；清空另列静态按钮,按当前数据/面板状态出现,/api/recent/status、remove、file,assets/js/core/history.js,renderRecentList
,01 主窗口,更多菜单分组头,more-section-title,折叠/展开导入、互动、设置；键盘导航、外部/Esc关闭,按当前数据/面板状态出现,前端；相关存盘由所属流程处理,assets/app.js,bindEvents
,02 标签,标签标题/关闭/中键,doc-tab / close,切换；×/中键关闭；脏数据决策；拖动重排,按当前数据/面板状态出现,前端；相关存盘由所属流程处理,assets/js/core/tabs.js,renderTabsBar
,02 标签,溢出标签列表,doc-tabs-overflow-menu,点击被折叠的标签切换；自动空间计算,按当前数据/面板状态出现,前端；相关存盘由所属流程处理,assets/js/core/tabs.js,renderTabsBar
,02 标签,标题编辑,file-title input,点击标题进入重命名；Enter提交，Esc退出；磁盘重命名或虚拟命名,按当前数据/面板状态出现,/api/rename,assets/js/core/tabs.js,renameTab
,03 阅读,目录条目/折叠柄,toc-item / toc-toggle,点标题滚动定位；有子项时展开/折叠，滚动更新活跃标记,按当前数据/面板状态出现,前端；相关存盘由所属流程处理,assets/js/reader/toc.js,buildToc
,03 阅读,大纲全部折叠/展开,rd-toc-fold / rd-toc-twisty,单个标题箭头折叠子树；顶部按钮全部展开/折叠；无子标题则隐藏,按当前数据/面板状态出现,前端；相关存盘由所属流程处理,assets/js/reader/enhance.js,decorateToc
,03 阅读,浮动阅读设置开关,rd-prefs-btn,点击展开阅读偏好；再次点击/外部/Esc关闭；不改文档源码,按当前数据/面板状态出现,前端；相关存盘由所属流程处理,assets/js/reader/enhance.js,ensureTools
,03 阅读,字号/字体/行距/阅读宽度,rd-size-btn / data-pref-key / data-pref-value,字号70%–180%每次10%；sans/serif两项、compact/normal/relaxed三行距、narrow/normal/wide三宽度；点击或方向键切换并即时保存,按当前数据/面板状态出现,/api/settings或浏览器localStorage,assets/js/reader/enhance.js,buildPrefsPanel
,03 阅读,目录/文件侧栏宽度,splitter,按住拖动调整侧栏；边界约束；保存宽度偏好,按当前数据/面板状态出现,/api/settings / 前端偏好,assets/app.js,bindEvents
,03 阅读,文件树目录/文件,tree-node,目录展开/折叠；文件打开；活动路径高亮,按当前数据/面板状态出现,/api/list、file,assets/js/reader/folder.js,renderTreeNodes
,03 阅读,分页页码option,pg-page-select option,按页目录选择跳转；首末/前后静态按钮与连续模式切换,按当前数据/面板状态出现,前端；相关存盘由所属流程处理,assets/js/reader/render.js,renderContent
,04 正文,外链/本地链接/双链,content a / wikilink,外链宿主打开；本地Markdown切文档；标题锚点定位；未创建目标受限,按当前数据/面板状态出现,/api/file、system/open-path,assets/js/reader/render.js,renderContent
,04 正文,标题链图标,heading-anchor,跳转自身#锚点；没有复制链接按钮处理,按当前数据/面板状态出现,前端；相关存盘由所属流程处理,assets/js/reader/enhance.js,upgradeHeadings
,04 正文,折叠引用/callout/details,summary,展开/折叠HTML details正文；不是所有blockquote都可折叠,按当前数据/面板状态出现,前端；相关存盘由所属流程处理,assets/js/reader/enhance.js,
,04 正文,代码复制按钮,code copy buttons,复制该块代码；成功/失败反馈；代码语言/长块提示由渲染器增强,按当前数据/面板状态出现,前端；相关存盘由所属流程处理,assets/js/reader/enhance.js,
,04 正文,图片大图入口,img.rd-zoomable / rd-lightbox-close,点击/Enter开灯箱；×/图片外区域/Esc关闭；当前灯箱没有独立缩放/适应/拖动控制按钮；图片嵌在链接内先按链接,按当前数据/面板状态出现,前端；相关存盘由所属流程处理,assets/js/reader/enhance.js,ensureLightbox
,04 正文,脚注编号/返回,footnote href,跳转注释及返回引用位置；引用tooltip/弹层按加载内容提供,按当前数据/面板状态出现,前端；相关存盘由所属流程处理,assets/js/reader/enhance.js,
,04 正文,引用编号与文献,citation links,引用查看条目/跳文献；外部DOI/URL由链接处理；BibTeX数据供详情,按当前数据/面板状态出现,/api/bibtex,assets/js/reader/render.js,renderContent
,04 正文,表格横向区域,table-scroll-wrap,横向滚动长表，数字对齐；没有表头排序/表格导出按钮,按当前数据/面板状态出现,前端；相关存盘由所属流程处理,assets/js/reader/enhance.js,upgradeTables
,04 正文,任务清单,task-list checkbox,阅读器禁用复选框仅展示；编辑器点击任务标记才修改Markdown,按当前数据/面板状态出现,前端；相关存盘由所属流程处理,assets/js/reader/enhance.js,upgradeTasks
,04 正文,代码文件动作栏,btn-code-to-md/edit/ai-explain/copy,四按钮分别AI转文档、编辑源码、AI解析、复制；编辑调用toggleEdit打开CodeMirror,按当前数据/面板状态出现,/api/ai/chat；源码复制前端；编辑器事务与保存接口,assets/js/reader/render.js,bindCodeDocActions
,05 编辑,正文编辑区/光标/选区,CodeMirror contenteditable,输入、选区、拖选、滚动；撤销/重做；快捷格式、自动补全Markdown；粘贴转换；任务标记toggle,按当前数据/面板状态出现,前端；相关存盘由所属流程处理,assets/js/editor/editor.js,createEditor
,05 编辑,选区浮条,cm-selection-toolbar,格式、复制/剪切/粘贴与AI操作；依选区/编辑状态显示,按当前数据/面板状态出现,前端；相关存盘由所属流程处理,assets/js/editor/editor.js,
,05 编辑,斜杠菜单项目,slash item buttons,23一级项；模糊搜索、方向键、Enter、Esc；代码语言/表格二级,按当前数据/面板状态出现,前端；相关存盘由所属流程处理,assets/js/editor/editor.js,
,05 编辑,语言子菜单,lang-*,25语言、纯文本、自定义查询；确定后插入围栏并定位光标,按当前数据/面板状态出现,前端；相关存盘由所属流程处理,assets/js/editor/editor.js,slashLanguageItems
,05 编辑,表格网格子菜单,table grid cells,鼠标/方向选择行列；点击/Enter插入表格；网格范围由生成逻辑决定,按当前数据/面板状态出现,前端；相关存盘由所属流程处理,assets/js/editor/editor.js,
,05 编辑,预览页签和分栏,data-pv / pv-splitter,右侧、下方、关闭预览；同步滚动；拖动宽/高；编辑和预览共用当前草稿,按当前数据/面板状态出现,前端；相关存盘由所属流程处理,assets/js/editor/preview.js,setPvLayout
,06 插入,公式分类/模板项目,formula-cats / formula-items,分类、搜索28模板、行内/块级、点项目插入TeX,按当前数据/面板状态出现,前端；相关存盘由所属流程处理,assets/js/editor/editor.js,renderFormulaPicker
,06 插入,表格矩阵单元,table-grid,悬停预览行列并高亮；点击生成Markdown，关闭回编辑器,按当前数据/面板状态出现,前端；相关存盘由所属流程处理,assets/js/editor/editor.js,openTableModal
,06 插入,图片画布/裁剪柄,img-canvas / crop handles,选裁剪框、移动和缩放手柄，预览；比例/旋转/镜像/输出尺寸配合静态输入,按当前数据/面板状态出现,/api/image/save 写受控PNG资源,assets/js/editor/image.js,
,07 执行,代码运行/复制输出/清空,code-chunk-run-btn/copy-btn/clear-btn,展开输出状态；运行语言可用时调用后端；复制当前输出，清空仅当前显示,按当前数据/面板状态出现,/api/code/run → parity_code.rs，依本机运行时,assets/js/reader/render.js,
,07 执行,图表显式远程授权,diagram-allow-remote-btn,PlantUML本地不可用时用户点远程渲染；没有自动隐式联网,按当前数据/面板状态出现,/api/diagram/render → parity_diagram.rs,assets/js/reader/render.js,
,08 AI,空态提问卡/连接卡,data-starter / data-ai-connect,选总结/大纲/解释等示例填提示；连接卡打开设置；填入不等于自动发送,按当前数据/面板状态出现,/api/ai/config、chat由后续动作触发,assets/js/features/ai.js,
,08 AI,消息动作按钮,ai-bubble-act-btn / ai-regen-btn,助手四项：复制、应用文档、另存MD、重新生成；用户消息目前只有上下文卡展开，不提供独立编辑再发按钮；失败时另有重试,按当前数据/面板状态出现,/api/ai/chat、history；应用编辑最终另行保存,assets/js/features/ai.js,renderAiBubbleActions
,08 AI,连接状态入口,AI header connection badge,点击/Enter/Space打开连接设置；已配置显示连接摘要，密钥不回填,按当前数据/面板状态出现,/api/ai/config,assets/js/features/ai.js,
,08 AI,消息代码复制/上下文折叠,ai-code-copy / details,代码复制；长文档上下文展开/折叠；不改用户原文,按当前数据/面板状态出现,前端；相关存盘由所属流程处理,assets/js/features/ai.js,
,08 AI,面板边缘拖动,ai-resize-handle,拖动宽度并约束最大/最小；全屏按钮与返回原宽度,按当前数据/面板状态出现,前端；相关存盘由所属流程处理,assets/js/features/ai.js,
,09 AI设置,连接option / 官方卡,ai-provider / provider cards,官方26预设、用户连接；选项切换表单；上游来源-only条目展示元数据且可能不能直接选,按当前数据/面板状态出现,/api/ai/config,assets/js/features/ai.js,fillAiProviders
,09 AI设置,模型option,ai-model option,从现有/获取模型列表中选择；不是任意文本模型输入,按当前数据/面板状态出现,/api/ai/models；保存config.current,assets/js/features/ai.js,fillAiModels
,09 AI历史,会话条目,AI session rows,点恢复；标题重命名；单条删除；搜索过滤；旧select不是另一套常驻入口,按当前数据/面板状态出现,/api/ai/history list/get/rename/delete,assets/js/features/ai.js,renderAiSessionSelect
,10 Skill,技能列表/分类,tpl-list dynamic rows,搜索、点技能查看说明，选作AI模板；内置/用户权限区分,按当前数据/面板状态出现,/api/skills、ai/prompts,assets/js/features/ai.js,renderTplList
,10 Skill,来源页签及预览复选框,skill-import source / preview rows,GitHub/目录/ZIP → 预览 → 勾有效项 → skip冲突策略apply；无效项禁用；token用后清空,按当前数据/面板状态出现,/api/skill-imports/preview、apply,assets/js/features/ai.js,renderGithubSkillPreview
,11 转换,批量任务行,batch-row,排队、运行、成功/跳过/失败/取消；点可用输出打开；错误明细显示,按当前数据/面板状态出现,/api/convert/progress、file,assets/js/features/batch.js,makeBatchRow
,12 插件,分类tab,plugin category tabs,过滤六类；不改变能力状态,按当前数据/面板状态出现,/api/plugins/list,assets/js/features/convert.js,renderPluginCards
,12 插件,卡片安装/重试,data-action=install,原生扩展未安装时显示；确认 → 安装并校验profile/manifest → 轮询,按当前数据/面板状态出现,/api/plugins/install → 原生扩展配置安装/校验/失败回滚,assets/js/features/convert.js,startPluginInstall
,12 插件,卡片启用开关,data-action=toggle,已安装包 → change → 锁/保存/刷新或回滚 → 同能力互斥,按当前数据/面板状态出现,/api/plugins/toggle → manifest,assets/js/features/convert.js,setPluginToggle
,12 插件,卡片卸载按钮,data-action=uninstall,已安装包 → 危险确认 → 清理 → 刷新,按当前数据/面板状态出现,/api/plugins/uninstall,assets/js/features/convert.js,startPluginUninstall
,12 插件,错误与运行信息折叠,summary/details,错误detail/last_log、ffmpeg/runtime说明展开折叠,按当前数据/面板状态出现,前端；相关存盘由所属流程处理,assets/js/features/convert.js,pluginErrorMarkup
,14 导出,预设option / 推荐卡,exp-preset / export preset cards,默认、自定义、3内置及用户项；点卡/选择载入并刷新预览,按当前数据/面板状态出现,/api/export/presets,assets/js/features/export.js,renderExportPresetSelect
,14 导出,配置分组标题,export section header,14组按格式筛选；折叠/展开；与98编辑字段及1说明分别统计,按当前数据/面板状态出现,前端；相关存盘由所属流程处理,assets/js/features/export.js,renderExportSections
,14 导出,全部字段/heading inputs,data-exp-k,98个参数修改进入collect/options；数字、颜色、checkbox、select完整枚举见exports.md,按当前数据/面板状态出现,/api/export、export/epub/presentation按格式,assets/js/features/export.js,collectExportOptions
,14 导出,预览分页/大预览,export preview page sheets,缩略预览卡点击/Enter；大预览前后页、真实页面PNG/PDF视图；参数更新取消旧请求并同步产物；关闭释放资源。DOCX显示共享AST/设置的版式参考并注明Word分页边界,按当前数据/面板状态出现,/api/export/preview → export_preview.rs；PDF实际产物缓存10分钟,assets/js/features/export.js,updateExportLivePreview
,15 演示,主题/转场select,presentation controls,11主题、6转场；字体20/24/28；总览/全屏/退出/关闭；iframe消息同步,按当前数据/面板状态出现,/api/export/presentation,assets/js/reader/render.js,launchPresentationMode
,15 演示,Reveal内置交互,Reveal controls/progress/slides,上下左右、前后/垂直页、进度、overview、Esc、键盘/触摸；仅有相应页和配置时可用,按当前数据/面板状态出现,前端；相关存盘由所属流程处理,assets/js/reader/render.js,launchPresentationMode
,16 关联,图谱节点/画布,graph canvas,单击选择看链接；双击打开；拖节点；Shift拖平移/滚轮缩放；搜索/列表定位,按当前数据/面板状态出现,/api/links/graph、file,assets/js/features/graph.js,onPointerDown
,16 关联,图谱列表/关系行,graph rows / node details,列表选中节点，点关联文件打开；未创建目标无有效打开,按当前数据/面板状态出现,/api/file,assets/js/features/graph.js,renderList
,16 关联,反向链接页签/行,data-tab=incoming/outgoing,反向/正向切换；搜索；点有效文件；deadlink禁用,按当前数据/面板状态出现,/api/links/backlinks,assets/js/features/graph.js,createDrawer
,17 设置,语言按钮,lang grid buttons,46语言按名/代码搜，点选翻译/RTL及保存；资源缺词走fallback,按当前数据/面板状态出现,localStorage locale + i18n资源,assets/js/core/i18n.js,
,18 更新,状态栏版本徽标,status-update-badge,条件显示；点击复用检查更新弹窗,按当前数据/面板状态出现,/api/update/check,assets/js/features/updater.js,checkUpdate
,19 桌宠,设置页签/启用,data-pet-section / pet-enabled,角色/陪伴/设置切换；启用自动提交；预览与运行实例不同,按当前数据/面板状态出现,/api/pets/status、configure,assets/js/features/pet-workbench.js,init
,19 桌宠,角色卡/收藏星,pet-roster buttons,点击角色选择；星按钮独立收藏不触发选角；搜索和精灵/Live2D过滤；失败恢复,按当前数据/面板状态出现,/api/pets/active、configure；favorites localStorage,assets/js/features/pet-workbench.js,renderRoster
,19 桌宠,养成动作按钮,data-pet-action,摸头、喂食、玩耍、休息/唤醒；状态、冷却、体力反馈,按当前数据/面板状态出现,/api/pets/interact,assets/js/features/pet-companion-actions.js,init
,19 桌宠,安静/活跃与气泡,pet-mode / bubble toggle,陪伴风格、提示气泡、打招呼/AI；安静不等于禁止所有互动,按当前数据/面板状态出现,/api/pets/configure / 前端台词,assets/js/features/pet-workbench.js,quiet
,19 桌宠,阅读器内角色与快捷条,pet-character-wrap,点击台词/动作；阈值拖动、锁定；设置/收起/AI/安静四快捷项,按当前数据/面板状态出现,/api/pets/configure及前端位置,assets/js/features/pet-batch.js,initPetDirectManipulation
,20 独立桌宠,实体点击/拖动/透明区,pet native window,实体点击打开互动；4px拖动阈值；alpha区穿透；锁定；置顶/透明度,按当前数据/面板状态出现,Rust pet_host/desktop_pet及原生窗口,packages/readmd-pet-rust/renderer/bongocat.js,
,20 独立桌宠,六项右键菜单,native context menu,ReadMD、剪贴板、角色、玩耍、设置、隐藏；取消后恢复点击实体区域,按当前数据/面板状态出现,/api/control/pet-menu + durable queue,packages/readmd-pet-rust/renderer/bongocat.js,
,20 独立桌宠,角色子菜单,native character menu,返回与逐角色选择，当前标识；Bongo/精灵/Arch-Chan按自身渲染器,按当前数据/面板状态出现,/api/pets/configure/active,packages/readmd-pet-rust/renderer/bongocat.js,
,20 独立桌宠,六项气泡动作,native pet-life actions,摸头、喂食、玩耍、休息/唤醒、AI聊天、关闭,按当前数据/面板状态出现,/api/pets/interact + 主程序唤起,packages/readmd-hermes-pet-adapter/src/pet-life.ts,
,20 独立桌宠,文件拖入,native file-drop,取得完整路径，耐久队列唤起ReadMD，消费后批量转换/OCR/打开,按当前数据/面板状态出现,/api/control/pet-batch、next + 复用导入,assets/js/features/pet-batch.js,receivePetBatch
,21 Shell,命令列表/最近文件/标签,palette option rows,查询排序、上/下选择、Enter/点击执行；最近命令16；快捷键表搜索,按当前数据/面板状态出现,各动作复用已有实现,assets/js/shell/shell-deferred.js,
,21 对话框,动态选择按钮,choice-modal buttons,调用者给label/id/kind；如同名输出决策；Esc/backdrop取消，Tab在框内,按当前数据/面板状态出现,确认后的调用者决定实际写入,assets/js/core/tabs.js,askChoice
,21 全局,Toast结果/任务取消,task feedback / toast actions,消息反馈、忙碌防重复；可取消任务显示取消；按任务实际状态处理,按当前数据/面板状态出现,/api/task/cancel或所属任务接口,assets/js/core/task-feedback.js,
,13 网页,隔离系统WebView授权/提取按钮,readmd-capture-bar,登录后点击授权此站点；交互提取点提取此页；×取消窗口任务；不把输入值或脚本并入Markdown,按当前数据/面板状态出现,main.rs nativeWeb IPC → desktop_web.rs；按任务和来源保存短期grant,rust/readmd-kernel/src/desktop_web.rs,capture_script
,02 文档恢复,打开记录为副本,document-history-row Open as copy,按记录打开未保存副本，保留原目录和资源引用；不会覆盖原文,按当前数据/面板状态出现,/api/documents/history op=read,assets/js/features/document-history.js,restore
,02 文档恢复,恢复到当前编辑器,document-history-row Apply,仅匹配来源时显示；先保留检查点、核对期间输入；单事务恢复或安全副本,按当前数据/面板状态出现,/api/documents/history op=record/read；保存才/api/save,assets/js/features/document-history.js,restore
,02 文档恢复,删除恢复记录,document-history-row Delete,明确确认后删除该记录正文/元数据，刷新列表；失败保留反馈,按当前数据/面板状态出现,/api/documents/history op=delete,assets/js/features/document-history.js,refresh
,21 桌面退出,原生关闭与完全退出,native CloseRequested,×/Alt+F4默认收起托盘保留标签；取消驻留后完全退出，实际修改才提示保存/放弃/取消；放弃先留集中恢复记录。,按当前数据/面板状态出现,main.rs CloseRequested / readmd:quit,assets/js/features/document-history.js,prepareClose
,21 桌面窗口,窗口拖动与边缘缩放,window-drag-region / window-resize-edge,空白区按下并移动拖动窗口；双击最大化/还原；上/右上/右/右下/下/左下/左/左上八个边缘原生缩放，最大化/全屏时隐藏。,Windows桌面宿主,main.rs Tao drag_window/drag_resize_window,assets/js/shell/shell.js,initWindowChrome
,21 桌面窗口,托盘点击与右键菜单,ReadMD.Tray.Owner / Shell_NotifyIcon,单击/双击恢复驻留窗口；右键菜单：打开ReadMD、打开文件、退出ReadMD；完全退出时保留脏修改保护。,Windows通知区域可用,native_tray.rs Win32通知图标和原生菜单 → Tao事件,rust/readmd-kernel/src/native_tray.rs,procedure
