group,k,label,type,formats,min,max,step,opts,default,operation,backend
电子书元数据,epub.title,书籍标题（留空自动使用文件名）,text,"[""epub""]",,,,,,修改 → 收集options → 自定义状态 → 预览刷新 → 导出时提交,mdexport::export_epub / EPUB元数据、章节拆分、CSS
电子书元数据,epub.author,书籍作者 / 译者,text,"[""epub""]",,,,,,修改 → 收集options → 自定义状态 → 预览刷新 → 导出时提交,mdexport::export_epub / EPUB元数据、章节拆分、CSS
电子书元数据,epub.publisher,出版方 / 制作方,text,"[""epub""]",,,,,,修改 → 收集options → 自定义状态 → 预览刷新 → 导出时提交,mdexport::export_epub / EPUB元数据、章节拆分、CSS
电子书元数据,epub.isbn,标准 ISBN 书号,text,"[""epub""]",,,,,,修改 → 收集options → 自定义状态 → 预览刷新 → 导出时提交,mdexport::export_epub / EPUB元数据、章节拆分、CSS
电子书元数据,epub.language,主要语言,select,"[""epub""]",,,,"[[""zh-CN"", ""简体中文 (zh-CN)""], [""en"", ""English (en)""], [""ja"", ""日本語 (ja)""], [""zh-TW"", ""繁體中文 (zh-TW)""], [""fr"", ""Français (fr)""], [""de"", ""Deutsch (de)""], [""es"", ""Español (es)""]]",,修改 → 收集options → 自定义状态 → 预览刷新 → 导出时提交,mdexport::export_epub / EPUB元数据、章节拆分、CSS
电子书元数据,epub.splitLevel,章节拆分策略,select,"[""epub""]",,,,"[[""h1"", ""按一级标题 (H1) 智能切分多章节""], [""h2"", ""按一/二级标题 (H1+H2) 切分章节""], [""none"", ""单章节长文档 (不切分)""]]",,修改 → 收集options → 自定义状态 → 预览刷新 → 导出时提交,mdexport::export_epub / EPUB元数据、章节拆分、CSS
电子书阅读版式,epub.fontSize,字号 pt,number,"[""epub""]",8,24,,,,修改 → 收集options → 自定义状态 → 预览刷新 → 导出时提交,mdexport::export_epub / EPUB元数据、章节拆分、CSS
电子书阅读版式,epub.lineHeight,行距,number,"[""epub""]",1.2,2.5,0.1,,,修改 → 收集options → 自定义状态 → 预览刷新 → 导出时提交,mdexport::export_epub / EPUB元数据、章节拆分、CSS
电子书阅读版式,epub.marginV,垂直页边距 %,number,"[""epub""]",0,20,,,,修改 → 收集options → 自定义状态 → 预览刷新 → 导出时提交,mdexport::export_epub / EPUB元数据、章节拆分、CSS
电子书阅读版式,epub.marginH,水平页边距 %,number,"[""epub""]",0,20,,,,修改 → 收集options → 自定义状态 → 预览刷新 → 导出时提交,mdexport::export_epub / EPUB元数据、章节拆分、CSS
LaTeX 学术编译与宏包,tex.docClass,LaTeX 文档类,select,"[""tex""]",,,,"[[""ctexart"", ""ctexart""], [""article"", ""article""], [""ctexrep"", ""ctexrep""], [""report"", ""report""], [""book"", ""book""], [""beamer"", ""beamer""]]",,修改 → 收集options → 自定义状态 → 预览刷新 → 导出时提交,mdexport::export_tex → latex_writer：文档类、字号、纸张、geometry、ctex
LaTeX 学术编译与宏包,tex.fontSize,排版字号,select,"[""tex""]",,,,"[[""10pt"", ""10pt""], [""11pt"", ""11pt""], [""12pt"", ""12pt""]]",,修改 → 收集options → 自定义状态 → 预览刷新 → 导出时提交,mdexport::export_tex → latex_writer：文档类、字号、纸张、geometry、ctex
LaTeX 学术编译与宏包,tex.paperSize,纸张,select,"[""tex""]",,,,"[[""a4paper"", ""A4""], [""letterpaper"", ""US Letter""]]",,修改 → 收集options → 自定义状态 → 预览刷新 → 导出时提交,mdexport::export_tex → latex_writer：文档类、字号、纸张、geometry、ctex
LaTeX 学术编译与宏包,tex.margin,页面边距 (Geometry),select,"[""tex""]",,,,"[[""2.5cm"", ""2.5 cm""], [""1in"", ""1 in""], [""2cm"", ""2.0 cm""], [""3cm"", ""3.0 cm""]]",,修改 → 收集options → 自定义状态 → 预览刷新 → 导出时提交,mdexport::export_tex → latex_writer：文档类、字号、纸张、geometry、ctex
LaTeX 学术编译与宏包,tex.bibEngine,参考文献引擎,select,"[""tex""]",,,,"[[""biblatex"", ""BibLaTeX""], [""natbib"", ""Natbib""], [""bibtex"", ""BibTeX""]]",,修改 → 收集options → 自定义状态 → 预览刷新 → 导出时提交,mdexport::export_tex读取引擎；latex_writer写biblatex/bibtex/natbib及引用；bibliography局部资源复制
LaTeX 学术编译与宏包,tex.useCtex,启用 CJK 中文宏包 (UTF-8 原生支持),checkbox,"[""tex""]",,,,,,修改 → 收集options → 自定义状态 → 预览刷新 → 导出时提交,mdexport::export_tex → latex_writer：文档类、字号、纸张、geometry、ctex
页面设置,page.size,纸张,select,"[""pdf"", ""docx""]",,,,"[""A3"", ""A4"", ""A5"", ""B5"", ""Letter"", ""Legal"", ""Custom""]",A4,修改 → 收集options → 自定义状态 → 预览刷新 → 导出时提交,sanitize_options → PDF原生排版/DOCX OOXML；适用HTML项进入build_export_css；具体格式按formats列
页面设置,page.width,自定义纸宽（mm）,number,"[""pdf"", ""docx""]",80,600,,,210,修改 → 收集options → 自定义状态 → 预览刷新 → 导出时提交,sanitize_options → PDF原生排版/DOCX OOXML；适用HTML项进入build_export_css；具体格式按formats列
页面设置,page.height,自定义纸高（mm）,number,"[""pdf"", ""docx""]",80,600,,,297,修改 → 收集options → 自定义状态 → 预览刷新 → 导出时提交,sanitize_options → PDF原生排版/DOCX OOXML；适用HTML项进入build_export_css；具体格式按formats列
页面设置,page.orientation,方向,select,"[""pdf"", ""docx""]",,,,"[[""portrait"", ""纵向""], [""landscape"", ""横向""]]",portrait,修改 → 收集options → 自定义状态 → 预览刷新 → 导出时提交,sanitize_options → PDF原生排版/DOCX OOXML；适用HTML项进入build_export_css；具体格式按formats列
页面设置,page.marginTop,上边距 mm,number,"[""pdf"", ""docx""]",0,60,,,20,修改 → 收集options → 自定义状态 → 预览刷新 → 导出时提交,sanitize_options → PDF原生排版/DOCX OOXML；适用HTML项进入build_export_css；具体格式按formats列
页面设置,page.marginRight,右边距 mm,number,"[""pdf"", ""docx""]",0,60,,,18,修改 → 收集options → 自定义状态 → 预览刷新 → 导出时提交,sanitize_options → PDF原生排版/DOCX OOXML；适用HTML项进入build_export_css；具体格式按formats列
页面设置,page.marginBottom,下边距 mm,number,"[""pdf"", ""docx""]",0,60,,,20,修改 → 收集options → 自定义状态 → 预览刷新 → 导出时提交,sanitize_options → PDF原生排版/DOCX OOXML；适用HTML项进入build_export_css；具体格式按formats列
页面设置,page.marginLeft,左边距 mm,number,"[""pdf"", ""docx""]",0,60,,,18,修改 → 收集options → 自定义状态 → 预览刷新 → 导出时提交,sanitize_options → PDF原生排版/DOCX OOXML；适用HTML项进入build_export_css；具体格式按formats列
封面与目录,cover.enabled,启用封面页,checkbox,"[""pdf"", ""docx""]",,,,,False,修改 → 收集options → 自定义状态 → 预览刷新 → 导出时提交,sanitize_options → PDF原生排版/DOCX OOXML；适用HTML项进入build_export_css；具体格式按formats列
封面与目录,cover.title,封面标题（留空用文件名）,text,"[""pdf"", ""docx""]",,,,,,修改 → 收集options → 自定义状态 → 预览刷新 → 导出时提交,sanitize_options → PDF原生排版/DOCX OOXML；适用HTML项进入build_export_css；具体格式按formats列
封面与目录,cover.subtitle,封面副标题,text,"[""pdf"", ""docx""]",,,,,,修改 → 收集options → 自定义状态 → 预览刷新 → 导出时提交,sanitize_options → PDF原生排版/DOCX OOXML；适用HTML项进入build_export_css；具体格式按formats列
封面与目录,cover.date,封面日期,text,"[""pdf"", ""docx""]",,,,,,修改 → 收集options → 自定义状态 → 预览刷新 → 导出时提交,sanitize_options → PDF原生排版/DOCX OOXML；适用HTML项进入build_export_css；具体格式按formats列
封面与目录,cover.align,封面对齐,select,"[""pdf"", ""docx""]",,,,"[[""center"", ""居中""], [""left"", ""左对齐""], [""right"", ""右对齐""]]",center,修改 → 收集options → 自定义状态 → 预览刷新 → 导出时提交,sanitize_options → PDF原生排版/DOCX OOXML；适用HTML项进入build_export_css；具体格式按formats列
封面与目录,toc.enabled,PDF 目录页,checkbox,"[""pdf"", ""docx""]",,,,,False,修改 → 收集options → 自定义状态 → 预览刷新 → 导出时提交,sanitize_options → PDF原生排版/DOCX OOXML；适用HTML项进入build_export_css；具体格式按formats列
封面与目录,headings.h1.pageBreakBefore,一级标题另起一页,checkbox,"[""pdf"", ""docx""]",,,,,,修改 → 收集options → 自定义状态 → 预览刷新 → 导出时提交,sanitize_options → PDF原生排版/DOCX OOXML；适用HTML项进入build_export_css；具体格式按formats列
正文排版,typography.font,正文字体,select,"[""pdf"", ""docx"", ""html""]",,,,"[[""MicrosoftYaHei"", ""MicrosoftYaHei""], [""SimHei"", ""SimHei""], [""SimSun"", ""SimSun""], [""KaiTi"", ""KaiTi""], [""DengXian"", ""DengXian""], [""Arial"", ""Arial""]]",MicrosoftYaHei,修改 → 收集options → 自定义状态 → 预览刷新 → 导出时提交,sanitize_options → PDF原生排版/DOCX OOXML；适用HTML项进入build_export_css；具体格式按formats列
正文排版,typography.size,字号 pt,number,"[""pdf"", ""docx"", ""html""]",8,20,,,11,修改 → 收集options → 自定义状态 → 预览刷新 → 导出时提交,sanitize_options → PDF原生排版/DOCX OOXML；适用HTML项进入build_export_css；具体格式按formats列
正文排版,typography.lineHeight,行距,number,"[""pdf"", ""docx"", ""html""]",1,2.5,0.1,,1.6,修改 → 收集options → 自定义状态 → 预览刷新 → 导出时提交,sanitize_options → PDF原生排版/DOCX OOXML；适用HTML项进入build_export_css；具体格式按formats列
正文排版,typography.spacing,段间距 pt,number,"[""pdf"", ""docx"", ""html""]",0,30,,,6,修改 → 收集options → 自定义状态 → 预览刷新 → 导出时提交,sanitize_options → PDF原生排版/DOCX OOXML；适用HTML项进入build_export_css；具体格式按formats列
正文排版,typography.firstLineIndent,首行缩进（mm）,number,"[""pdf"", ""docx"", ""html""]",0,30,,,,修改 → 收集options → 自定义状态 → 预览刷新 → 导出时提交,sanitize_options → PDF原生排版/DOCX OOXML；适用HTML项进入build_export_css；具体格式按formats列
正文排版,typography.color,正文颜色,color,"[""pdf"", ""docx"", ""html""]",,,,,#262626,修改 → 收集options → 自定义状态 → 预览刷新 → 导出时提交,sanitize_options → PDF原生排版/DOCX OOXML；适用HTML项进入build_export_css；具体格式按formats列
正文排版,typography.align,对齐,select,"[""pdf"", ""docx"", ""html""]",,,,"[[""left"", ""左对齐""], [""center"", ""居中""], [""right"", ""右对齐""], [""justify"", ""两端对齐""]]",left,修改 → 收集options → 自定义状态 → 预览刷新 → 导出时提交,sanitize_options → PDF原生排版/DOCX OOXML；适用HTML项进入build_export_css；具体格式按formats列
标题（各级颜色 / 字号 / 加粗 / 对齐）,headings.h1.size,H1 字号 pt,number,"[""pdf"", ""docx"", ""html""]",8,40,,,20,修改 → 收集options → 自定义状态 → 预览刷新 → 导出时提交,sanitize_options → PDF原生排版/DOCX OOXML；适用HTML项进入build_export_css；具体格式按formats列
标题（各级颜色 / 字号 / 加粗 / 对齐）,headings.h1.color,H1 颜色,color,"[""pdf"", ""docx"", ""html""]",,,,,#1a1a1a,修改 → 收集options → 自定义状态 → 预览刷新 → 导出时提交,sanitize_options → PDF原生排版/DOCX OOXML；适用HTML项进入build_export_css；具体格式按formats列
标题（各级颜色 / 字号 / 加粗 / 对齐）,headings.h1.bold,H1 加粗,checkbox,"[""pdf"", ""docx"", ""html""]",,,,,True,修改 → 收集options → 自定义状态 → 预览刷新 → 导出时提交,sanitize_options → PDF原生排版/DOCX OOXML；适用HTML项进入build_export_css；具体格式按formats列
标题（各级颜色 / 字号 / 加粗 / 对齐）,headings.h1.align,H1 对齐,select,"[""pdf"", ""docx"", ""html""]",,,,"[[""left"", ""左""], [""center"", ""中""], [""right"", ""右""], [""justify"", ""两端""]]",left,修改 → 收集options → 自定义状态 → 预览刷新 → 导出时提交,sanitize_options → PDF原生排版/DOCX OOXML；适用HTML项进入build_export_css；具体格式按formats列
标题（各级颜色 / 字号 / 加粗 / 对齐）,headings.h2.size,H2 字号 pt,number,"[""pdf"", ""docx"", ""html""]",8,40,,,16,修改 → 收集options → 自定义状态 → 预览刷新 → 导出时提交,sanitize_options → PDF原生排版/DOCX OOXML；适用HTML项进入build_export_css；具体格式按formats列
标题（各级颜色 / 字号 / 加粗 / 对齐）,headings.h2.color,H2 颜色,color,"[""pdf"", ""docx"", ""html""]",,,,,#1f2937,修改 → 收集options → 自定义状态 → 预览刷新 → 导出时提交,sanitize_options → PDF原生排版/DOCX OOXML；适用HTML项进入build_export_css；具体格式按formats列
标题（各级颜色 / 字号 / 加粗 / 对齐）,headings.h2.bold,H2 加粗,checkbox,"[""pdf"", ""docx"", ""html""]",,,,,True,修改 → 收集options → 自定义状态 → 预览刷新 → 导出时提交,sanitize_options → PDF原生排版/DOCX OOXML；适用HTML项进入build_export_css；具体格式按formats列
标题（各级颜色 / 字号 / 加粗 / 对齐）,headings.h2.align,H2 对齐,select,"[""pdf"", ""docx"", ""html""]",,,,"[[""left"", ""左""], [""center"", ""中""], [""right"", ""右""], [""justify"", ""两端""]]",left,修改 → 收集options → 自定义状态 → 预览刷新 → 导出时提交,sanitize_options → PDF原生排版/DOCX OOXML；适用HTML项进入build_export_css；具体格式按formats列
标题（各级颜色 / 字号 / 加粗 / 对齐）,headings.h3.size,H3 字号 pt,number,"[""pdf"", ""docx"", ""html""]",8,40,,,14,修改 → 收集options → 自定义状态 → 预览刷新 → 导出时提交,sanitize_options → PDF原生排版/DOCX OOXML；适用HTML项进入build_export_css；具体格式按formats列
标题（各级颜色 / 字号 / 加粗 / 对齐）,headings.h3.color,H3 颜色,color,"[""pdf"", ""docx"", ""html""]",,,,,#2d3748,修改 → 收集options → 自定义状态 → 预览刷新 → 导出时提交,sanitize_options → PDF原生排版/DOCX OOXML；适用HTML项进入build_export_css；具体格式按formats列
标题（各级颜色 / 字号 / 加粗 / 对齐）,headings.h3.bold,H3 加粗,checkbox,"[""pdf"", ""docx"", ""html""]",,,,,True,修改 → 收集options → 自定义状态 → 预览刷新 → 导出时提交,sanitize_options → PDF原生排版/DOCX OOXML；适用HTML项进入build_export_css；具体格式按formats列
标题（各级颜色 / 字号 / 加粗 / 对齐）,headings.h3.align,H3 对齐,select,"[""pdf"", ""docx"", ""html""]",,,,"[[""left"", ""左""], [""center"", ""中""], [""right"", ""右""], [""justify"", ""两端""]]",left,修改 → 收集options → 自定义状态 → 预览刷新 → 导出时提交,sanitize_options → PDF原生排版/DOCX OOXML；适用HTML项进入build_export_css；具体格式按formats列
标题（各级颜色 / 字号 / 加粗 / 对齐）,headings.h4.size,H4 字号 pt,number,"[""pdf"", ""docx"", ""html""]",8,40,,,12,修改 → 收集options → 自定义状态 → 预览刷新 → 导出时提交,sanitize_options → PDF原生排版/DOCX OOXML；适用HTML项进入build_export_css；具体格式按formats列
标题（各级颜色 / 字号 / 加粗 / 对齐）,headings.h4.color,H4 颜色,color,"[""pdf"", ""docx"", ""html""]",,,,,#374151,修改 → 收集options → 自定义状态 → 预览刷新 → 导出时提交,sanitize_options → PDF原生排版/DOCX OOXML；适用HTML项进入build_export_css；具体格式按formats列
标题（各级颜色 / 字号 / 加粗 / 对齐）,headings.h4.bold,H4 加粗,checkbox,"[""pdf"", ""docx"", ""html""]",,,,,True,修改 → 收集options → 自定义状态 → 预览刷新 → 导出时提交,sanitize_options → PDF原生排版/DOCX OOXML；适用HTML项进入build_export_css；具体格式按formats列
标题（各级颜色 / 字号 / 加粗 / 对齐）,headings.h4.align,H4 对齐,select,"[""pdf"", ""docx"", ""html""]",,,,"[[""left"", ""左""], [""center"", ""中""], [""right"", ""右""], [""justify"", ""两端""]]",left,修改 → 收集options → 自定义状态 → 预览刷新 → 导出时提交,sanitize_options → PDF原生排版/DOCX OOXML；适用HTML项进入build_export_css；具体格式按formats列
标题（各级颜色 / 字号 / 加粗 / 对齐）,headings.h5.size,H5 字号 pt,number,"[""pdf"", ""docx"", ""html""]",8,40,,,11,修改 → 收集options → 自定义状态 → 预览刷新 → 导出时提交,sanitize_options → PDF原生排版/DOCX OOXML；适用HTML项进入build_export_css；具体格式按formats列
标题（各级颜色 / 字号 / 加粗 / 对齐）,headings.h5.color,H5 颜色,color,"[""pdf"", ""docx"", ""html""]",,,,,#4a5568,修改 → 收集options → 自定义状态 → 预览刷新 → 导出时提交,sanitize_options → PDF原生排版/DOCX OOXML；适用HTML项进入build_export_css；具体格式按formats列
标题（各级颜色 / 字号 / 加粗 / 对齐）,headings.h5.bold,H5 加粗,checkbox,"[""pdf"", ""docx"", ""html""]",,,,,True,修改 → 收集options → 自定义状态 → 预览刷新 → 导出时提交,sanitize_options → PDF原生排版/DOCX OOXML；适用HTML项进入build_export_css；具体格式按formats列
标题（各级颜色 / 字号 / 加粗 / 对齐）,headings.h5.align,H5 对齐,select,"[""pdf"", ""docx"", ""html""]",,,,"[[""left"", ""左""], [""center"", ""中""], [""right"", ""右""], [""justify"", ""两端""]]",left,修改 → 收集options → 自定义状态 → 预览刷新 → 导出时提交,sanitize_options → PDF原生排版/DOCX OOXML；适用HTML项进入build_export_css；具体格式按formats列
标题（各级颜色 / 字号 / 加粗 / 对齐）,headings.h6.size,H6 字号 pt,number,"[""pdf"", ""docx"", ""html""]",8,40,,,10.5,修改 → 收集options → 自定义状态 → 预览刷新 → 导出时提交,sanitize_options → PDF原生排版/DOCX OOXML；适用HTML项进入build_export_css；具体格式按formats列
标题（各级颜色 / 字号 / 加粗 / 对齐）,headings.h6.color,H6 颜色,color,"[""pdf"", ""docx"", ""html""]",,,,,#4a5568,修改 → 收集options → 自定义状态 → 预览刷新 → 导出时提交,sanitize_options → PDF原生排版/DOCX OOXML；适用HTML项进入build_export_css；具体格式按formats列
标题（各级颜色 / 字号 / 加粗 / 对齐）,headings.h6.bold,H6 加粗,checkbox,"[""pdf"", ""docx"", ""html""]",,,,,True,修改 → 收集options → 自定义状态 → 预览刷新 → 导出时提交,sanitize_options → PDF原生排版/DOCX OOXML；适用HTML项进入build_export_css；具体格式按formats列
标题（各级颜色 / 字号 / 加粗 / 对齐）,headings.h6.align,H6 对齐,select,"[""pdf"", ""docx"", ""html""]",,,,"[[""left"", ""左""], [""center"", ""中""], [""right"", ""右""], [""justify"", ""两端""]]",left,修改 → 收集options → 自定义状态 → 预览刷新 → 导出时提交,sanitize_options → PDF原生排版/DOCX OOXML；适用HTML项进入build_export_css；具体格式按formats列
表格,table.headerBg,表头背景,color,"[""pdf"", ""docx"", ""html""]",,,,,#3b6ef5,修改 → 收集options → 自定义状态 → 预览刷新 → 导出时提交,sanitize_options → PDF原生排版/DOCX OOXML；适用HTML项进入build_export_css；具体格式按formats列
表格,table.headerColor,表头文字色,color,"[""pdf"", ""docx"", ""html""]",,,,,#ffffff,修改 → 收集options → 自定义状态 → 预览刷新 → 导出时提交,sanitize_options → PDF原生排版/DOCX OOXML；适用HTML项进入build_export_css；具体格式按formats列
表格,table.headerBold,表头加粗,checkbox,"[""pdf"", ""docx"", ""html""]",,,,,True,修改 → 收集options → 自定义状态 → 预览刷新 → 导出时提交,sanitize_options → PDF原生排版/DOCX OOXML；适用HTML项进入build_export_css；具体格式按formats列
表格,table.borderColor,边框颜色,color,"[""pdf"", ""docx"", ""html""]",,,,,#c8cdd4,修改 → 收集options → 自定义状态 → 预览刷新 → 导出时提交,sanitize_options → PDF原生排版/DOCX OOXML；适用HTML项进入build_export_css；具体格式按formats列
表格,table.borderWidth,边框宽度 pt,number,"[""pdf"", ""docx"", ""html""]",0,3,0.25,,0.75,修改 → 收集options → 自定义状态 → 预览刷新 → 导出时提交,sanitize_options → PDF原生排版/DOCX OOXML；适用HTML项进入build_export_css；具体格式按formats列
表格,table.banded,斑马纹,checkbox,"[""pdf"", ""docx"", ""html""]",,,,,True,修改 → 收集options → 自定义状态 → 预览刷新 → 导出时提交,sanitize_options → PDF原生排版/DOCX OOXML；适用HTML项进入build_export_css；具体格式按formats列
表格,table.bandColor,斑马纹颜色,color,"[""pdf"", ""docx"", ""html""]",,,,,#f3f5f9,修改 → 收集options → 自定义状态 → 预览刷新 → 导出时提交,sanitize_options → PDF原生排版/DOCX OOXML；适用HTML项进入build_export_css；具体格式按formats列
表格,table.cellSize,单元格字号 pt,number,"[""pdf"", ""docx"", ""html""]",7,16,,,10,修改 → 收集options → 自定义状态 → 预览刷新 → 导出时提交,sanitize_options → PDF原生排版/DOCX OOXML；适用HTML项进入build_export_css；具体格式按formats列
表格,table.cellPadding,单元格内边距 pt,number,"[""pdf"", ""docx"", ""html""]",0,20,,,6,修改 → 收集options → 自定义状态 → 预览刷新 → 导出时提交,sanitize_options → PDF原生排版/DOCX OOXML；适用HTML项进入build_export_css；具体格式按formats列
表格,table.align,对齐,select,"[""pdf"", ""docx"", ""html""]",,,,"[[""left"", ""左对齐""], [""center"", ""居中""], [""right"", ""右对齐""], [""justify"", ""两端对齐""]]",left,修改 → 收集options → 自定义状态 → 预览刷新 → 导出时提交,sanitize_options → PDF原生排版/DOCX OOXML；适用HTML项进入build_export_css；具体格式按formats列
表格,table.widthPct,表格宽度 %,number,"[""pdf"", ""docx"", ""html""]",50,100,,,100,修改 → 收集options → 自定义状态 → 预览刷新 → 导出时提交,sanitize_options → PDF原生排版/DOCX OOXML；适用HTML项进入build_export_css；具体格式按formats列
代码块,code.bg,背景色,color,"[""pdf"", ""docx"", ""html""]",,,,,#f5f6f8,修改 → 收集options → 自定义状态 → 预览刷新 → 导出时提交,sanitize_options → PDF原生排版/DOCX OOXML；适用HTML项进入build_export_css；具体格式按formats列
代码块,code.color,文字色,color,"[""pdf"", ""docx"", ""html""]",,,,,#2f3b4a,修改 → 收集options → 自定义状态 → 预览刷新 → 导出时提交,sanitize_options → PDF原生排版/DOCX OOXML；适用HTML项进入build_export_css；具体格式按formats列
代码块,code.font,等宽字体,select,"[""pdf"", ""docx"", ""html""]",,,,"[[""Consolas"", ""Consolas""], [""Courier New"", ""Courier New""], [""SimHei"", ""SimHei""]]",Consolas,修改 → 收集options → 自定义状态 → 预览刷新 → 导出时提交,sanitize_options → PDF原生排版/DOCX OOXML；适用HTML项进入build_export_css；具体格式按formats列
代码块,code.size,字号 pt,number,"[""pdf"", ""docx"", ""html""]",6,16,,,9.5,修改 → 收集options → 自定义状态 → 预览刷新 → 导出时提交,sanitize_options → PDF原生排版/DOCX OOXML；适用HTML项进入build_export_css；具体格式按formats列
代码块,code.borderColor,边框颜色,color,"[""pdf"", ""docx"", ""html""]",,,,,#dfe3e8,修改 → 收集options → 自定义状态 → 预览刷新 → 导出时提交,sanitize_options → PDF原生排版/DOCX OOXML；适用HTML项进入build_export_css；具体格式按formats列
代码块,code.borderWidth,边框宽度 pt,number,"[""pdf"", ""docx"", ""html""]",0,3,0.25,,0.5,修改 → 收集options → 自定义状态 → 预览刷新 → 导出时提交,sanitize_options → PDF原生排版/DOCX OOXML；适用HTML项进入build_export_css；具体格式按formats列
代码块,code.rounded,圆角（HTML）,checkbox,"[""html""]",,,,,True,修改 → 收集options → 自定义状态 → 预览刷新 → 导出时提交,sanitize_options → PDF原生排版/DOCX OOXML；适用HTML项进入build_export_css；具体格式按formats列
引用与链接,quote.barColor,引用左边条色,color,"[""pdf"", ""docx"", ""html""]",,,,,#3b6ef5,修改 → 收集options → 自定义状态 → 预览刷新 → 导出时提交,sanitize_options → PDF原生排版/DOCX OOXML；适用HTML项进入build_export_css；具体格式按formats列
引用与链接,quote.bg,引用背景,color,"[""pdf"", ""docx"", ""html""]",,,,,#f3f6ff,修改 → 收集options → 自定义状态 → 预览刷新 → 导出时提交,sanitize_options → PDF原生排版/DOCX OOXML；适用HTML项进入build_export_css；具体格式按formats列
引用与链接,quote.color,引用文字色,color,"[""pdf"", ""docx"", ""html""]",,,,,#4a5568,修改 → 收集options → 自定义状态 → 预览刷新 → 导出时提交,sanitize_options → PDF原生排版/DOCX OOXML；适用HTML项进入build_export_css；具体格式按formats列
引用与链接,link.color,链接颜色,color,"[""pdf"", ""docx"", ""html""]",,,,,#2b6cb0,修改 → 收集options → 自定义状态 → 预览刷新 → 导出时提交,sanitize_options → PDF原生排版/DOCX OOXML；适用HTML项进入build_export_css；具体格式按formats列
引用与链接,hr.color,分割线颜色,color,"[""pdf"", ""docx"", ""html""]",,,,,#d8dce2,修改 → 收集options → 自定义状态 → 预览刷新 → 导出时提交,sanitize_options → PDF原生排版/DOCX OOXML；适用HTML项进入build_export_css；具体格式按formats列
页脚与元数据,header.text,页眉,text,"[""pdf"", ""docx""]",,,,,,修改 → 收集options → 自定义状态 → 预览刷新 → 导出时提交,sanitize_options → PDF原生排版/DOCX OOXML；适用HTML项进入build_export_css；具体格式按formats列
页脚与元数据,header.align,对齐,select,"[""pdf"", ""docx""]",,,,"[""left"", ""center"", ""right""]",left,修改 → 收集options → 自定义状态 → 预览刷新 → 导出时提交,sanitize_options → PDF原生排版/DOCX OOXML；适用HTML项进入build_export_css；具体格式按formats列
页脚与元数据,images.widthPct,图片宽度（版心百分比）,number,"[""pdf"", ""docx""]",10,100,,,92,修改 → 收集options → 自定义状态 → 预览刷新 → 导出时提交,sanitize_options → PDF原生排版/DOCX OOXML；适用HTML项进入build_export_css；具体格式按formats列
页脚与元数据,images.maxHeightPct,图片高度上限（版心百分比）,number,"[""pdf"", ""docx""]",10,100,,,85,修改 → 收集options → 自定义状态 → 预览刷新 → 导出时提交,sanitize_options → PDF原生排版/DOCX OOXML；适用HTML项进入build_export_css；具体格式按formats列
页脚与元数据,footer.pageNumbers,显示页码,checkbox,"[""pdf"", ""docx""]",,,,,True,修改 → 收集options → 自定义状态 → 预览刷新 → 导出时提交,sanitize_options → PDF原生排版/DOCX OOXML；适用HTML项进入build_export_css；具体格式按formats列
页脚与元数据,footer.text,页脚文字,text,"[""pdf"", ""docx""]",,,,,,修改 → 收集options → 自定义状态 → 预览刷新 → 导出时提交,sanitize_options → PDF原生排版/DOCX OOXML；适用HTML项进入build_export_css；具体格式按formats列
页脚与元数据,meta.title,文档标题（PDF 元数据）,text,"[""pdf"", ""docx""]",,,,,,修改 → 收集options → 自定义状态 → 预览刷新 → 导出时提交,sanitize_options → PDF原生排版/DOCX OOXML；适用HTML项进入build_export_css；具体格式按formats列
页脚与元数据,meta.author,作者,text,"[""pdf"", ""docx""]",,,,,,修改 → 收集options → 自定义状态 → 预览刷新 → 导出时提交,sanitize_options → PDF原生排版/DOCX OOXML；适用HTML项进入build_export_css；具体格式按formats列
页脚与元数据,meta.subject,主题,text,"[""pdf"", ""docx""]",,,,,,修改 → 收集options → 自定义状态 → 预览刷新 → 导出时提交,sanitize_options → PDF原生排版/DOCX OOXML；适用HTML项进入build_export_css；具体格式按formats列
数学公式,math.dpi,渲染分辨率 DPI,number,"[""pdf"", ""docx""]",100,500,10,,220,修改 → 收集options → 自定义状态 → 预览刷新 → 导出时提交,sanitize_options → PDF原生排版/DOCX OOXML；适用HTML项进入build_export_css；具体格式按formats列
HTML 主题,htmlTheme,页面主题,select,"[""html""]",,,,"[[""light"", ""亮色""], [""dark"", ""暗色""], [""sepia"", ""米色""]]",light,修改 → 收集options → 自定义状态 → 预览刷新 → 导出时提交,mdexport HTML样式主题
幻灯片,theme,主题,select,"[""presentation""]",,,,"[""black"", ""white"", ""league"", ""beige"", ""night"", ""serif"", ""simple"", ""solarized"", ""blood"", ""moon"", ""sky""]",,修改 → 收集options → 自定义状态 → 预览刷新 → 导出时提交,mdexport::render_presentation_html / Reveal配置；说明项不提交可编辑值
幻灯片,transition,切换效果,select,"[""presentation""]",,,,"[""slide"", ""fade"", ""zoom"", ""convex"", ""concave"", ""none""]",,修改 → 收集options → 自定义状态 → 预览刷新 → 导出时提交,mdexport::render_presentation_html / Reveal配置；说明项不提交可编辑值
幻灯片,slidesHint,用单独一行 --- 分隔幻灯片。导出为可离线打开的单个 HTML 文件（reveal.js）。,note,"[""presentation""]",,,,,,显示说明,mdexport::render_presentation_html / Reveal配置；说明项不提交可编辑值
