id,name,title,description,enabled,installed,source,path
academic-paper-workflow,academic-paper-workflow,academic-paper-workflow,"Use when a user needs to plan, compose, or revise an academic paper in a staged workflow.",True,True,local,<repository>/assets/skills/academic-paper-workflow/SKILL.md
avoid-ai-writing,avoid-ai-writing,avoid-ai-writing,Use when outward-facing Markdown should avoid recognizable machine-written patterns while retaining its claims.,True,True,local,<repository>/assets/skills/avoid-ai-writing/SKILL.md
career-writing,career-writing,career-writing,"Use when a resume, cover letter, portfolio case study, or job application needs evidence-based editing.",True,True,local,<repository>/assets/skills/career-writing/SKILL.md
creative-writing-craft,creative-writing-craft,creative-writing-craft,"Use when fiction or creative Markdown needs stronger character, scene, voice, or narrative craft.",True,True,local,<repository>/assets/skills/creative-writing-craft/SKILL.md
readmd-ask,readmd-ask,readmd-ask,Use when a user needs a grounded answer based only on a Markdown document.,True,True,local,<repository>/assets/skills/readmd-ask/SKILL.md
readmd-code-analysis,readmd-code-analysis,readmd-code-analysis,Use when source code or a configuration file needs a factual logic and risk analysis.,True,True,local,<repository>/assets/skills/readmd-code-analysis/SKILL.md
readmd-code-review,readmd-code-review,readmd-code-review,"Use when code blocks in a Markdown document need a security, correctness, and maintainability review.",True,True,local,<repository>/assets/skills/readmd-code-review/SKILL.md
readmd-code-to-doc,readmd-code-to-doc,readmd-code-to-doc,Use when source code or a configuration file should become a structured Markdown document.,True,True,local,<repository>/assets/skills/readmd-code-to-doc/SKILL.md
readmd-continue,readmd-continue,readmd-continue,Use when a Markdown document needs a coherent continuation that matches its established voice and logic.,True,True,local,<repository>/assets/skills/readmd-continue/SKILL.md
readmd-export-style,readmd-export-style,readmd-export-style,Use when a ReadMD export needs a validated typography style represented as JSON.,True,True,local,<repository>/assets/skills/readmd-export-style/SKILL.md
readmd-format-fix,readmd-format-fix,readmd-format-fix,"Use when Markdown rendering is broken by malformed tables, formulas, code fences, links, or heading structure.",True,True,local,<repository>/assets/skills/readmd-format-fix/SKILL.md
readmd-humanizer,readmd-humanizer,readmd-humanizer,"Use when generated prose needs to sound natural, specific, and consistent with a human author's voice.",True,True,local,<repository>/assets/skills/readmd-humanizer/SKILL.md
readmd-localization,readmd-localization,readmd-localization,Use when translating or reviewing ReadMD interface strings for a target locale.,True,True,local,<repository>/assets/skills/readmd-localization/SKILL.md
readmd-outline,readmd-outline,readmd-outline,Use when a document needs a clear hierarchical Markdown outline before editing or writing.,True,True,local,<repository>/assets/skills/readmd-outline/SKILL.md
readmd-polish,readmd-polish,readmd-polish,"Use when Markdown prose needs natural, precise editorial polishing without changing its meaning or structure.",True,True,local,<repository>/assets/skills/readmd-polish/SKILL.md
readmd-proofread,readmd-proofread,readmd-proofread,"Use when a Markdown document needs publication-grade language, punctuation, and format proofreading.",True,True,local,<repository>/assets/skills/readmd-proofread/SKILL.md
readmd-quick-read,readmd-quick-read,readmd-quick-read,"Use when a Markdown document needs a structured, high-signal reading brief.",True,True,local,<repository>/assets/skills/readmd-quick-read/SKILL.md
readmd-skill-creator,readmd-skill-creator,readmd-skill-creator,"Use when a ReadMD user wants to design, test, or improve a reusable document-writing Skill.",True,True,local,<repository>/assets/skills/readmd-skill-creator/SKILL.md
readmd-style-custom,readmd-style-custom,readmd-style-custom,Generate custom CSS rules and HTML head tags for ReadMD document styling.,True,True,local,<repository>/assets/skills/readmd-style-custom/SKILL.md
readmd-summary,readmd-summary,readmd-summary,"Use when a Markdown document needs a short, high-value executive summary.",True,True,local,<repository>/assets/skills/readmd-summary/SKILL.md
readmd-todo,readmd-todo,readmd-todo,Use when notes or a Markdown document need actionable tasks and decisions extracted.,True,True,local,<repository>/assets/skills/readmd-todo/SKILL.md
readmd-translate,readmd-translate,readmd-translate,Use when a Markdown document must be translated accurately while preserving its technical structure.,True,True,local,<repository>/assets/skills/readmd-translate/SKILL.md
readmd-weekly,readmd-weekly,readmd-weekly,Use when work notes need to become a structured professional weekly report.,True,True,local,<repository>/assets/skills/readmd-weekly/SKILL.md
research-paper-writing,research-paper-writing,research-paper-writing,"Use when a research Markdown document needs a rigorous argument, evidence chain, or publication-ready section.",True,True,local,<repository>/assets/skills/research-paper-writing/SKILL.md
writing-skills,writing-skills,writing-skills,Use when a user is creating or revising a ReadMD Skill and needs a test-first writing workflow.,True,True,local,<repository>/assets/skills/writing-skills/SKILL.md
