id,section,title,operation,backend,validation,conditions,frontend,evidence
,01 启动、主页与全局入口,打开文档,点击打开 → 系统选择器或浏览器文件输入 → 上传/读取 → Markdown 打开，其余受支持文件分流转换/OCR → 标签与正文。取消不改变文档；选择器、上传及读取异常均反馈，异步操作被等待。浏览器保存操作作用于上传副本。,/api/dialog/choose-file、/api/upload、/api/file；server.rs 文件读取/上传 → content.rs 读取与修正；格式分流见 formats.md,真实本地上传、编辑、保存和磁盘内容回读；取消、空文档、空原文、草稿重开、延迟编辑器加载及失败恢复通过。,浏览器编辑上传副本；系统文件选择与原路径保存需要桌面宿主。,"[{""file"": ""assets/js/reader/render.js"", ""symbol"": ""loadFileDialog"", ""line"": 3168}, {""file"": ""assets/js/reader/render.js"", ""symbol"": ""loadFile"", ""line"": 115}]","[{""file"": ""ui-tests/readmd-ui.spec.js"", ""kind"": ""相关回归；覆盖范围见validation""}, {""file"": ""ui-tests/feature-verification.spec.js"", ""kind"": ""相关回归；覆盖范围见validation""}, {""file"": ""ui-tests/panels-upgrade.spec.js"", ""kind"": ""相关回归；覆盖范围见validation""}, {""file"": ""ui-tests/v238-reliability.spec.js"", ""kind"": ""相关回归；覆盖范围见validation""}]"
,01 启动、主页与全局入口,打开文件夹,点击选择目录 → 系统选择器 → /api/list → 目录优先的自然排序文件树。读取失败保留当前目录；连续选择只应用最新请求结果；目录展开、文件打开和键盘导航均保留。浏览器入口说明桌面条件。,/api/dialog/choose-folder、/api/list；native_dialogs.rs + server.rs h_list,文件树键盘交互、目录响应失败保留原树、连续请求只应用最新结果通过；目录选择调用链已核对。,真实系统目录选择需要桌面宿主；自动测试为文件树提供受控目录响应。,"[{""file"": ""assets/js/reader/folder.js"", ""symbol"": ""openFolder"", ""line"": 13}, {""file"": ""assets/js/reader/folder.js"", ""symbol"": ""renderTreeNodes"", ""line"": 105}]","[{""file"": ""ui-tests/readmd-ui.spec.js"", ""kind"": ""相关回归；覆盖范围见validation""}, {""file"": ""ui-tests/feature-verification.spec.js"", ""kind"": ""相关回归；覆盖范围见validation""}]"
,01 启动、主页与全局入口,新建空白文档,点击主页新建或命令“新建” → 建立未保存虚拟标签 → 进入编辑 → 输入内容 → 保存选择 .md 路径。此时标题是文档名，尚无磁盘文件。,首次保存调用 /api/dialog/save-file 或 /api/dialog/save-as；后续 /api/save,真实本地上传、编辑、保存和磁盘内容回读；取消、空文档、空原文、草稿重开、延迟编辑器加载及失败恢复通过。,浏览器编辑上传副本；系统文件选择与原路径保存需要桌面宿主。,"[{""file"": ""assets/js/editor/preview.js"", ""symbol"": ""newDocument"", ""line"": 143}]","[{""file"": ""ui-tests/readmd-ui.spec.js"", ""kind"": ""相关回归；覆盖范围见validation""}, {""file"": ""ui-tests/feature-verification.spec.js"", ""kind"": ""相关回归；覆盖范围见validation""}, {""file"": ""ui-tests/panels-upgrade.spec.js"", ""kind"": ""相关回归；覆盖范围见validation""}, {""file"": ""ui-tests/v238-reliability.spec.js"", ""kind"": ""相关回归；覆盖范围见validation""}]"
,01 启动、主页与全局入口,主页快捷卡片,转换、网页、OCR、AI 四张卡分别进入相应工作台；与顶栏/更多菜单复用同一处理函数，不产生另一套后台流程。主页的搜索命令按钮和快捷键说明入口由内联 onclick 转发到 Shell。,复用转换、网页、OCR、AI 对应接口,主页卡片、文档相关禁用状态、更多菜单分组和实际面板打开通过。,功能卡片复用下方对应业务流程；相关服务条件也随之适用。,"[{""file"": ""assets/js/core/history.js"", ""symbol"": ""bindWelcomeEvents"", ""line"": 430}]","[{""file"": ""ui-tests/readmd-ui.spec.js"", ""kind"": ""相关回归；覆盖范围见validation""}, {""file"": ""ui-tests/shell-upgrade.spec.js"", ""kind"": ""相关回归；覆盖范围见validation""}, {""file"": ""ui-tests/ui-quality.spec.js"", ""kind"": ""相关回归；覆盖范围见validation""}]"
,01 启动、主页与全局入口,最近记录与清空,最近文件列表 → 点击打开、移除单条或清空全部 → 后端存储回读与列表刷新。清空操作单次执行；HTTP 错误、业务失败和原生桥异常不会伪装成成功，也不会先清空当前列表。,/api/recent/status、add、remove、clear；store.rs 存储最近文件，server.rs 调用,最近记录读写路径已核对；原生桥清空/选择器失败被捕获，失败不清空当前列表。,自动回归覆盖错误与异步反馈；历史条目取决于本地实际文件是否仍存在。,"[{""file"": ""assets/js/core/history.js"", ""symbol"": ""openHistoryModal"", ""line"": 175}, {""file"": ""assets/js/core/history.js"", ""symbol"": ""renderRecentList"", ""line"": 80}, {""file"": ""assets/js/core/history.js"", ""symbol"": ""clearRecent"", ""line"": 190}]","[{""file"": ""ui-tests/feature-verification.spec.js"", ""kind"": ""相关回归；覆盖范围见validation""}, {""file"": ""ui-tests/readmd-ui.spec.js"", ""kind"": ""相关回归；覆盖范围见validation""}]"
,01 启动、主页与全局入口,返回主页,返回主页 → 正在编辑且有修改时弹出保存/放弃/取消 → 保存真正成功或明确放弃后才重置阅读区；取消保留编辑器。标签仍可再次打开。关闭标签已完成的确认通过内部参数复用，避免重复弹窗；并发主页点击不会叠加确认。,读取最近记录；返回主页本身不删除文件,真实文件先保存再返回主页；取消保留草稿、放弃后重置、重复确认防护通过。,保存失败时保留编辑状态。虚拟标签仍需首次保存路径。,"[{""file"": ""assets/js/core/history.js"", ""symbol"": ""goHome"", ""line"": 358}]","[{""file"": ""ui-tests/feature-verification.spec.js"", ""kind"": ""相关回归；覆盖范围见validation""}, {""file"": ""ui-tests/readmd-ui.spec.js"", ""kind"": ""相关回归；覆盖范围见validation""}]"
,01 启动、主页与全局入口,更多菜单与分组,点击更多 → 展开菜单；导入、互动、设置分组标题可分别折叠/展开 → 点击具体功能。支持上下/Home/End 键移动、Esc 关闭及点击外部关闭；菜单分组属于导航，具体业务见对应层级。,前端处理；不调用业务后端,主页卡片、文档相关禁用状态、更多菜单分组和实际面板打开通过。,功能卡片复用下方对应业务流程；相关服务条件也随之适用。,"[{""file"": ""assets/app.js"", ""symbol"": ""bindEvents"", ""line"": 81}, {""file"": ""assets/app.js"", ""symbol"": ""closeMoreMenu"", ""line"": 70}]","[{""file"": ""ui-tests/readmd-ui.spec.js"", ""kind"": ""相关回归；覆盖范围见validation""}, {""file"": ""ui-tests/shell-upgrade.spec.js"", ""kind"": ""相关回归；覆盖范围见validation""}, {""file"": ""ui-tests/ui-quality.spec.js"", ""kind"": ""相关回归；覆盖范围见validation""}]"
,01 启动、主页与全局入口,刷新文件列表/当前文件,点击刷新按当前状态刷新文件夹列表或重新读取当前文件。命令面板“重新加载”调用 force:true 的 loadFile；外部文件自动重载是后台行为，无独立常驻开关按钮。编辑脏数据通过相应保护流程处理。,/api/list、/api/file；以最终绑定与状态分支为准,实际磁盘重载、编辑脏数据保护、保留阅读页码及后台重载不覆盖编辑器通过。,外部文件修改与读取权限依赖本地文件；非保存草稿不会被强制重载覆盖。,"[{""file"": ""assets/app.js"", ""symbol"": ""bindEvents"", ""line"": 81}, {""file"": ""assets/js/core/history.js"", ""symbol"": ""startAutoReload"", ""line"": 446}]","[{""file"": ""ui-tests/readmd-ui.spec.js"", ""kind"": ""相关回归；覆盖范围见validation""}, {""file"": ""ui-tests/v238-reliability.spec.js"", ""kind"": ""相关回归；覆盖范围见validation""}]"
,02 多标签、标题和文件管理,切换、关闭及溢出标签,点击标签切换正文；×、中键或标签菜单关闭。以实际文本与保存基线比较：只打开、进入编辑、移动光标或撤销回原文均不提示保存；真实修改才提示保存/不保存/取消。切换保留独立草稿与撤销栈；关闭当前编辑标签不产生重复提示。,切换主要在内存；实际文档读取 /api/file，脏标签保存 /api/save,标签切换、拖动重排、键盘关闭、溢出入口、脏后台标签保存与独立内容/阅读位置通过。,虚拟文档没有磁盘路径；上下文动作按状态启用。,"[{""file"": ""assets/js/core/tabs.js"", ""symbol"": ""renderTabsBar"", ""line"": 59}, {""file"": ""assets/js/core/tabs.js"", ""symbol"": ""closeTab"", ""line"": 670}]","[{""file"": ""ui-tests/readmd-ui.spec.js"", ""kind"": ""相关回归；覆盖范围见validation""}, {""file"": ""ui-tests/shell-upgrade.spec.js"", ""kind"": ""相关回归；覆盖范围见validation""}, {""file"": ""ui-tests/frontend-audit.spec.js"", ""kind"": ""相关回归；覆盖范围见validation""}, {""file"": ""ui-tests/window-upgrade.spec.js"", ""kind"": ""本轮界面行为回归""}, {""file"": ""docs/reviews/readmd-window-system-upgrade-2026-10-04.md"", ""kind"": ""实现、实机和网络验证范围""}]"
,02 多标签、标题和文件管理,标签右键菜单和排序,右键标签 → 左移、右移、关闭标签、关闭其他、关闭所有、重命名、复制文件路径七项。标签还可拖动重排；关闭多标签逐一经过脏数据决策。虚拟文档无实际路径时复制路径入口受限。,顺序保留在前端标签数组；关闭时可能触发保存；复制使用剪贴板,标签切换、拖动重排、键盘关闭、溢出入口、脏后台标签保存与独立内容/阅读位置通过。,虚拟文档没有磁盘路径；上下文动作按状态启用。,"[{""file"": ""assets/js/core/tabs.js"", ""symbol"": ""openTabContextMenu"", ""line"": 432}, {""file"": ""assets/js/core/tabs.js"", ""symbol"": ""reorderTabs"", ""line"": 417}]","[{""file"": ""ui-tests/readmd-ui.spec.js"", ""kind"": ""相关回归；覆盖范围见validation""}, {""file"": ""ui-tests/shell-upgrade.spec.js"", ""kind"": ""相关回归；覆盖范围见validation""}, {""file"": ""ui-tests/frontend-audit.spec.js"", ""kind"": ""相关回归；覆盖范围见validation""}]"
,02 多标签、标题和文件管理,标题重命名,点击顶栏文件标题或双击标签/F2 → 输入名称 → Enter 或失焦提交，Esc 取消。磁盘文件经 native bridge rename_file 发送 path/new_stem，保留原目录与扩展名；虚拟标签只改显示名。目标同名或名称不合法时反馈错误。标签和顶栏存在各自提交路径，不能凭按钮可见就认定浏览器能改磁盘文件名。,/api/rename → server.rs h_rename；路径/名称验证、改名与相关引用处理,标题/标签重命名交互、扩展名保留和内容注入防护通过；Rust名称和路径检查通过。,物理重命名需要桌面桥和目录权限；浏览器/虚拟标签条件在入口反馈。,"[{""file"": ""assets/js/reader/render.js"", ""symbol"": ""openFileRename"", ""line"": 34}, {""file"": ""assets/js/core/tabs.js"", ""symbol"": ""renameTab"", ""line"": 376}]","[{""file"": ""ui-tests/readmd-ui.spec.js"", ""kind"": ""相关回归；覆盖范围见validation""}]"
,02 多标签、标题和文件管理,另存为 Markdown,打开文档 → 更多/互动/另存为 → 选择目标路径 → 写出当前 Markdown；虚拟文档第一次保存也进入此类流程。桌面用系统保存对话框；浏览器可以走 Blob 下载路径，具体以 hasPy 分支为准。,/api/dialog/save-as、/api/save；native_dialogs.rs、server.rs 文件写入,真实本地上传、编辑、保存和磁盘内容回读；取消、空文档、空原文、草稿重开、延迟编辑器加载及失败恢复通过。,浏览器编辑上传副本；系统文件选择与原路径保存需要桌面宿主。,"[{""file"": ""assets/js/editor/preview.js"", ""symbol"": ""saveAs"", ""line"": 677}]","[{""file"": ""ui-tests/readmd-ui.spec.js"", ""kind"": ""相关回归；覆盖范围见validation""}, {""file"": ""ui-tests/feature-verification.spec.js"", ""kind"": ""相关回归；覆盖范围见validation""}, {""file"": ""ui-tests/panels-upgrade.spec.js"", ""kind"": ""相关回归；覆盖范围见validation""}, {""file"": ""ui-tests/v238-reliability.spec.js"", ""kind"": ""相关回归；覆盖范围见validation""}]"
,02 多标签、标题和文件管理,恢复草稿与版本历史,更多菜单或命令面板 → 查看恢复草稿/保存前版本/操作检查点/已放弃草稿 → 打开为副本，或匹配原文件时应用到编辑器 → Ctrl+Z可撤销应用，Ctrl+S才改原文件；删除需确认，读取失败可刷新重试。记录在应用数据目录，30天、每文档10条、共256条/64MiB。,/api/documents/history → document_history.rs，gzip正文/SHA256校验/原子元数据/容量与孤立文件清理；恢复不直接写原文,生命周期专项测试、Rust存储与真实原生关闭验证，范围见生命周期报告。,原生文件选择需要桌面；恢复正文16MiB/条、总64MiB/256条/30天；外部AI仍需连接。,"[{""file"": ""assets/js/features/document-history.js"", ""symbol"": ""open"", ""line"": 168}, {""file"": ""assets/js/features/document-history.js"", ""symbol"": ""restore"", ""line"": 108}, {""file"": ""assets/js/features/document-history.js"", ""symbol"": ""refresh"", ""line"": 132}]","[{""file"": ""ui-tests/document-lifecycle.spec.js"", ""kind"": ""保存/恢复/资源引用/失败保护专项""}, {""file"": ""rust/readmd-kernel/src/document_history.rs"", ""kind"": ""存储单元测试""}, {""file"": ""ui-tests/native-web-test.cjs"", ""kind"": ""真实Windows WM_CLOSE退出保护""}]"
,03 目录、搜索、分页和阅读偏好,侧栏、大纲和文件树,侧栏切换大纲/文件 → 标题跳转、目录展开/折叠、文件打开和方向键导航。目录 API 的状态与数据类型先验证；失败保留文件树，迟到的旧请求不能覆盖新目录。,大纲解析和滚动为前端；文件树 /api/list、/api/file,文件树键盘交互、目录响应失败保留原树、连续请求只应用最新结果通过；目录选择调用链已核对。,真实系统目录选择需要桌面宿主；自动测试为文件树提供受控目录响应。,"[{""file"": ""assets/js/reader/toc.js"", ""symbol"": ""buildToc"", ""line"": 23}, {""file"": ""assets/js/reader/folder.js"", ""symbol"": ""showSide"", ""line"": 248}, {""file"": ""assets/js/reader/enhance.js"", ""symbol"": ""decorateToc"", ""line"": 1057}]","[{""file"": ""ui-tests/readmd-ui.spec.js"", ""kind"": ""相关回归；覆盖范围见validation""}, {""file"": ""ui-tests/feature-verification.spec.js"", ""kind"": ""相关回归；覆盖范围见validation""}]"
,03 目录、搜索、分页和阅读偏好,文内查找,打开文档 → Ctrl+F/搜索按钮 → 输入关键词 → 正文匹配高亮并显示命中数量 → 上一项/下一项定位；Enter 下一项，Shift+Enter 上一项，Esc/× 清理高亮并关闭。没有命中时显示空结果。,前端处理；不调用业务后端,搜索跨相邻内联节点、计数、立即Enter、上一/下一、清理和跳过阅读工具通过。,只搜索当前渲染阅读内容；分页文档按现有分页行为定位。,"[{""file"": ""assets/js/reader/search.js"", ""symbol"": ""doSearch"", ""line"": 120}, {""file"": ""assets/js/reader/search.js"", ""symbol"": ""jumpToMark"", ""line"": 196}]","[{""file"": ""ui-tests/readmd-ui.spec.js"", ""kind"": ""相关回归；覆盖范围见validation""}, {""file"": ""ui-tests/interaction-regressions.spec.js"", ""kind"": ""相关回归；覆盖范围见validation""}, {""file"": ""ui-tests/reader-upgrade.spec.js"", ""kind"": ""相关回归；覆盖范围见validation""}]"
,03 目录、搜索、分页和阅读偏好,分页跳转与连续阅读,大文档满足分页条件后显示分页栏 → 首页/上一页/页码选择/下一页/末页 → 按页渲染；阅读模式按钮及状态栏分页状态切换分页/全卷连续。转连续前在提示框确认继续或取消；不可前进/后退时对应按钮禁用。目录定位会先切至包含标题的页。,分块与页切换在前端；初始内容来自 /api/file 或虚拟文档,分页/连续切换确认、重复标题目录定位、标签阅读位置以及窄栏分页控件通过。,分页由文档长度触发；连续模式的大文档性能通过1k至50k行回归。,"[{""file"": ""assets/js/reader/render.js"", ""symbol"": ""splitMdIntoPages"", ""line"": 438}, {""file"": ""assets/js/reader/render.js"", ""symbol"": ""togglePaginationMode"", ""line"": 669}, {""file"": ""assets/js/reader/render.js"", ""symbol"": ""renderPage"", ""line"": 701}]","[{""file"": ""ui-tests/readmd-ui.spec.js"", ""kind"": ""相关回归；覆盖范围见validation""}, {""file"": ""ui-tests/pagination-adaptive.spec.js"", ""kind"": ""相关回归；覆盖范围见validation""}, {""file"": ""ui-tests/readmd-performance.spec.js"", ""kind"": ""相关回归；覆盖范围见validation""}, {""file"": ""ui-tests/interaction-regressions.spec.js"", ""kind"": ""相关回归；覆盖范围见validation""}]"
,03 目录、搜索、分页和阅读偏好,主题、缩放和禅模式,主题循环、缩放、禅模式和阅读偏好 → 即时应用 → 保存。读取设置只接受白名单字段及有效枚举，数值按范围限制；损坏配置不能覆盖文档、标签或 AI 状态。原生保存串行执行，保证最后选择持久化；保存失败显示反馈。,桌面 /api/settings 持久化主题与字号；浏览器 localStorage,主题切换、缩放、禅模式、损坏配置字段隔离及设置合法值过滤通过；持久化写入串行化。,原生设置写入依赖本地目录权限；失败有反馈。,"[{""file"": ""assets/js/core/settings.js"", ""symbol"": ""toggleTheme"", ""line"": 106}, {""file"": ""assets/js/core/settings.js"", ""symbol"": ""zoom"", ""line"": 125}, {""file"": ""assets/js/reader/render.js"", ""symbol"": ""toggleZenMode"", ""line"": 2570}]","[{""file"": ""ui-tests/feature-verification.spec.js"", ""kind"": ""相关回归；覆盖范围见validation""}, {""file"": ""ui-tests/shell-upgrade.spec.js"", ""kind"": ""相关回归；覆盖范围见validation""}, {""file"": ""ui-tests/readmd-ui.spec.js"", ""kind"": ""相关回归；覆盖范围见validation""}, {""file"": ""ui-tests/frontend-audit.spec.js"", ""kind"": ""相关回归；覆盖范围见validation""}]"
,03 目录、搜索、分页和阅读偏好,浮动阅读设置,正文内浮动设置按钮 → 字号减/增、无衬线/衬线、行距紧凑/正常/宽松、宽度窄/正常/宽 → 即时调整阅读排版；显示字数/预计阅读时间。分段按钮支持方向键；点击外部或 Esc 关闭。,桌面 /api/settings；浏览器 readmd-settings；readingFont、readingLeading、readingWidth,浮动阅读偏好、字号/行距/宽度与回到顶部的入口和响应函数核对；阅读面板相关UI回归通过。,回到顶部无需业务后端；偏好保存依赖浏览器存储或原生设置。,"[{""file"": ""assets/js/reader/enhance.js"", ""symbol"": ""buildPrefsPanel"", ""line"": 819}, {""file"": ""assets/js/reader/enhance.js"", ""symbol"": ""setPref"", ""line"": 779}]","[{""file"": ""ui-tests/reader-upgrade.spec.js"", ""kind"": ""相关回归；覆盖范围见validation""}, {""file"": ""ui-tests/ui-quality.spec.js"", ""kind"": ""相关回归；覆盖范围见validation""}]"
,03 目录、搜索、分页和阅读偏好,回到顶部,正文滚动超过600px后出现浮动上箭头 → 点击让正文区域平滑滚到顶部；作用于当前阅读容器，不重新读取文件、不改变文档。,前端处理；不调用业务后端,浮动阅读偏好、字号/行距/宽度与回到顶部的入口和响应函数核对；阅读面板相关UI回归通过。,回到顶部无需业务后端；偏好保存依赖浏览器存储或原生设置。,"[{""file"": ""assets/app.js"", ""symbol"": ""bindEvents"", ""line"": 81}]","[{""file"": ""ui-tests/reader-upgrade.spec.js"", ""kind"": ""相关回归；覆盖范围见validation""}, {""file"": ""ui-tests/ui-quality.spec.js"", ""kind"": ""相关回归；覆盖范围见validation""}]"
,04 正文内可操作元素和学术阅读,正文链接、双链和锚点,点击外部 http(s) 链接由 openPath/宿主打开；本地 Markdown 或 [[笔记#标题|别名]] 打开对应笔记并定位锚点；正文 #锚点及标题链图标用于定位。标题图标是href锚点，没有独立复制链接处理器。路径、协议和脚本内容经渲染白名单处理；未创建双链在关联列表中不可直接打开。,/api/file、/api/system/open-path；Rust 解析路径，前端滚动到锚点,真实Markdown渲染、锚点/目录跳转、代码复制、脚注、图片及不可信协议过滤相关回归通过。,外链由宿主/浏览器打开；本地链接需实际文件存在，未创建笔记保持明确状态。,"[{""file"": ""assets/js/reader/render.js"", ""symbol"": ""fixLinks"", ""line"": 2946}, {""file"": ""assets/js/reader/render.js"", ""symbol"": ""navigateWikilink"", ""line"": 393}, {""file"": ""assets/js/reader/enhance.js"", ""symbol"": ""upgradeHeadings"", ""line"": 591}]","[{""file"": ""ui-tests/reader-upgrade.spec.js"", ""kind"": ""相关回归；覆盖范围见validation""}, {""file"": ""ui-tests/readmd-ui.spec.js"", ""kind"": ""相关回归；覆盖范围见validation""}]"
,04 正文内可操作元素和学术阅读,代码块复制、折叠提示、脚注与图片,普通代码块复制按钮复制该块源码并短暂显示已复制；可折叠 callout 的标题展开/收起；脚注序号跳到文末定义，回跳箭头回到引用；点击正文图片打开大图灯箱，×/点击背景/Esc 关闭。正文表格横向滚动以保留列内容；普通任务清单阅读时为展示，编辑器里的任务标记可改源码。,复制与灯箱是前端；图片资源经 /raw 等资源路径加载，不把展示复选框误作后端任务系统,真实Markdown渲染、锚点/目录跳转、代码复制、脚注、图片及不可信协议过滤相关回归通过。,外链由宿主/浏览器打开；本地链接需实际文件存在，未创建笔记保持明确状态。,"[{""file"": ""assets/js/reader/enhance.js"", ""symbol"": ""upgradeCode"", ""line"": 471}, {""file"": ""assets/js/reader/enhance.js"", ""symbol"": ""upgradeCallout"", ""line"": 106}, {""file"": ""assets/js/reader/enhance.js"", ""symbol"": ""upgradeFootnotes"", ""line"": 157}, {""file"": ""assets/js/reader/enhance.js"", ""symbol"": ""ensureLightbox"", ""line"": 723}]","[{""file"": ""ui-tests/reader-upgrade.spec.js"", ""kind"": ""相关回归；覆盖范围见validation""}, {""file"": ""ui-tests/readmd-ui.spec.js"", ""kind"": ""相关回归；覆盖范围见validation""}]"
,04 正文内可操作元素和学术阅读,文献引用与参考文献交互,文档含 citation/BibTeX 配置时 → 加载文献数据 → 引用编号/作者信息可跳参考文献；悬浮显示文献详情卡，DOI/URL 等链接可打开。引用样式依据文档内容/配置解析，界面没有独立完整文献库管理面板。,/api/bibtex → bibtex.rs/引用处理；前端生成引用和悬浮卡,文献加载、链接/浮层入口核对；BibTeX解析和TeX文献后端单测、元数据注入防护通过。,本地.bib必须存在且可读；此轮没有逐条人工点击每个文献浮层动作。,"[{""file"": ""assets/js/reader/render.js"", ""symbol"": ""loadDocCitations"", ""line"": 316}, {""file"": ""assets/js/reader/render.js"", ""symbol"": ""processBibCitations"", ""line"": 1531}, {""file"": ""assets/js/reader/render.js"", ""symbol"": ""showBibHoverCard"", ""line"": 1607}]","[{""file"": ""ui-tests/readmd-ui.spec.js"", ""kind"": ""相关回归；覆盖范围见validation""}]"
,04 正文内可操作元素和学术阅读,代码文件顶部四个操作,打开代码文件 → 顶部四操作：转说明文档使用code_to_doc AI模板；编辑源码调用toggleEdit进入CodeMirror并保留原始代码；AI解析使用code_analysis；复制源码写剪贴板。编辑内容可撤销、保存，未保存关闭走统一确认。,说明文档/解析复用/api/ai/chat；编辑事务前端、保存/api/save；复制剪贴板,真实代码文档的顶部编辑按钮进入编辑器且保留源码；复制/运行/AI函数及条件核对。,运行依赖对应解释器，AI依赖已配置连接；不因展示按钮自动执行代码。,"[{""file"": ""assets/js/reader/render.js"", ""symbol"": ""renderContent"", ""line"": 1229}, {""file"": ""assets/js/reader/render.js"", ""symbol"": ""bindCodeDocActions"", ""line"": 1321}]","[{""file"": ""ui-tests/function-completion.spec.js"", ""kind"": ""相关回归；覆盖范围见validation""}, {""file"": ""ui-tests/v238-ai-config.spec.js"", ""kind"": ""相关回归；覆盖范围见validation""}]"
,05 Markdown 编辑工作台,编辑、保存和取消,进入编辑读取真实草稿；Ctrl+S仅保存提交快照，成功保留撤销栈，后续输入仍脏；Ctrl+Shift+S保存当前编辑内容并在成功后切换路径。无路径文档必须选择位置；浏览器下载不等于已落盘。保存前中央版本、编码确认、mtime+内容指纹冲突保护；放弃先留恢复记录。 脏状态根据文本内容计算，兼容 LF/CRLF/CR；进入编辑不标脏，撤销回原文立即恢复干净。,/api/save、/api/dialog/save-as、/api/documents/history → server.rs/content.rs/document_history.rs；不创建旁边.bak,真实本地上传、编辑、保存和磁盘内容回读；取消、空文档、空原文、草稿重开、延迟编辑器加载及失败恢复通过。；保存/副本/恢复最终流程参照生命周期报告及专项测试。,浏览器编辑上传副本；系统文件选择与原路径保存需要桌面宿主。,"[{""file"": ""assets/js/editor/preview.js"", ""symbol"": ""toggleEdit"", ""line"": 440}, {""file"": ""assets/js/editor/preview.js"", ""symbol"": ""saveEdit"", ""line"": 593}, {""file"": ""assets/js/editor/editor.js"", ""symbol"": ""createEditor"", ""line"": 53}]","[{""file"": ""ui-tests/readmd-ui.spec.js"", ""kind"": ""相关回归；覆盖范围见validation""}, {""file"": ""ui-tests/feature-verification.spec.js"", ""kind"": ""相关回归；覆盖范围见validation""}, {""file"": ""ui-tests/panels-upgrade.spec.js"", ""kind"": ""相关回归；覆盖范围见validation""}, {""file"": ""ui-tests/v238-reliability.spec.js"", ""kind"": ""相关回归；覆盖范围见validation""}, {""file"": ""ui-tests/document-lifecycle.spec.js"", ""kind"": ""本轮生命周期补充回归""}, {""file"": ""ui-tests/window-upgrade.spec.js"", ""kind"": ""本轮界面行为回归""}, {""file"": ""docs/reviews/readmd-window-system-upgrade-2026-10-04.md"", ""kind"": ""实现、实机和网络验证范围""}]"
,05 Markdown 编辑工作台,文字格式与结构工具,选中文本或放置光标 → 工具栏常用项/“文本”/“结构”菜单 → 加粗、斜体、删除线、行内代码、行内公式、链接；一级/二级/三级标题、正文、引用、提示块、无序/有序/任务列表、代码块、块公式、分隔线。操作经统一 Markdown transform 更新选区和撤销栈；不是直接把 HTML 写入文档。,纯前端文本变换；点击保存才写磁盘,真实CodeMirror格式、单次撤销、智能列表/括号/表格、粘贴、选区工具、斜杠菜单、预览同步及窄窗退化通过。,编辑器加载失败提供textarea兜底；CM专用功能在可用编辑器中启用。,"[{""file"": ""assets/js/editor/editor.js"", ""symbol"": ""cmInsertSyntax"", ""line"": 701}, {""file"": ""assets/js/editor/md-transforms.js"", ""symbol"": null, ""line"": 1}]","[{""file"": ""ui-tests/editor-upgrade.spec.js"", ""kind"": ""相关回归；覆盖范围见validation""}, {""file"": ""ui-tests/readmd-ui.spec.js"", ""kind"": ""相关回归；覆盖范围见validation""}, {""file"": ""ui-tests/v238-reliability.spec.js"", ""kind"": ""相关回归；覆盖范围见validation""}]"
,05 Markdown 编辑工作台,编辑菜单、视图和撤销栈,点击文本/结构/插入菜单展开二级项；编辑视图菜单切专注行、打字机居中、显示行号；撤销/重做作用于编辑器事务。开关更新编辑器扩展及界面勾选状态；编辑器偏好与阅读器全局设置使用各自存储。,编辑器偏好 localStorage；文字撤销在前端，最终保存 /api/save,真实CodeMirror格式、单次撤销、智能列表/括号/表格、粘贴、选区工具、斜杠菜单、预览同步及窄窗退化通过。；保存/副本/恢复最终流程参照生命周期报告及专项测试。,编辑器加载失败提供textarea兜底；CM专用功能在可用编辑器中启用。,"[{""file"": ""assets/js/editor/editor.js"", ""symbol"": ""bindEditBarExtras"", ""line"": 2415}, {""file"": ""assets/js/editor/editor.js"", ""symbol"": ""setEditorPref"", ""line"": 635}, {""file"": ""assets/js/editor/editor.js"", ""symbol"": ""cmUndo"", ""line"": 167}]","[{""file"": ""ui-tests/editor-upgrade.spec.js"", ""kind"": ""相关回归；覆盖范围见validation""}, {""file"": ""ui-tests/readmd-ui.spec.js"", ""kind"": ""相关回归；覆盖范围见validation""}, {""file"": ""ui-tests/v238-reliability.spec.js"", ""kind"": ""相关回归；覆盖范围见validation""}, {""file"": ""ui-tests/document-lifecycle.spec.js"", ""kind"": ""本轮生命周期补充回归""}]"
,05 Markdown 编辑工作台,选区浮动工具条,鼠标或键盘选择非空文字 → 浮动条出现 → AI 改写、粗体、斜体、删除线、代码、链接、标题、引用、复制、剪切、粘贴。选区失效时隐藏；剪切/粘贴走编辑器事务，AI 入口使用当前选区。,格式与剪贴板前端；AI /api/ai/chat；写磁盘须保存,真实CodeMirror格式、单次撤销、智能列表/括号/表格、粘贴、选区工具、斜杠菜单、预览同步及窄窗退化通过。,编辑器加载失败提供textarea兜底；CM专用功能在可用编辑器中启用。,"[{""file"": ""assets/js/editor/editor.js"", ""symbol"": ""updateCmSelectionToolbar"", ""line"": 203}, {""file"": ""assets/js/editor/editor.js"", ""symbol"": ""bindCmSelectionToolbar"", ""line"": 273}, {""file"": ""assets/js/editor/editor.js"", ""symbol"": ""cmPasteSelection"", ""line"": 332}]","[{""file"": ""ui-tests/editor-upgrade.spec.js"", ""kind"": ""相关回归；覆盖范围见validation""}, {""file"": ""ui-tests/readmd-ui.spec.js"", ""kind"": ""相关回归；覆盖范围见validation""}, {""file"": ""ui-tests/v238-reliability.spec.js"", ""kind"": ""相关回归；覆盖范围见validation""}]"
,05 Markdown 编辑工作台,斜杠菜单与子选择器,点击命令按钮或在合适位置输入 / → 按词搜索/点条目；23 个一级条目逐项见 commands.md。代码块进入语言子列表（纯文本、25 个预设语言、自定义输入）；表格进入尺寸选择器。鼠标、方向键、Enter、Esc 完成选择或退出；插入保持编辑历史。,纯前端；生成 Markdown 后按正常保存路径持久化,真实CodeMirror格式、单次撤销、智能列表/括号/表格、粘贴、选区工具、斜杠菜单、预览同步及窄窗退化通过。,编辑器加载失败提供textarea兜底；CM专用功能在可用编辑器中启用。,"[{""file"": ""assets/js/editor/editor.js"", ""symbol"": ""slashCatalog"", ""line"": 1944}, {""file"": ""assets/js/editor/editor.js"", ""symbol"": ""slashLanguageItems"", ""line"": 2016}, {""file"": ""assets/js/editor/editor.js"", ""symbol"": ""slashRenderTable"", ""line"": 2168}]","[{""file"": ""ui-tests/editor-upgrade.spec.js"", ""kind"": ""相关回归；覆盖范围见validation""}, {""file"": ""ui-tests/readmd-ui.spec.js"", ""kind"": ""相关回归；覆盖范围见validation""}, {""file"": ""ui-tests/v238-reliability.spec.js"", ""kind"": ""相关回归；覆盖范围见validation""}]"
,05 Markdown 编辑工作台,智能编辑、粘贴与任务勾选,在代码围栏、Markdown 表格和列表中 Enter/Tab/Shift+Tab 自动补结构或缩进；选中文字输入强调符号可包裹；粘贴 Excel 的 HTML/制表文本转为 Markdown 表格；粘贴图片走图片保存；点击编辑器任务标记切换 [ ]/[x]。这些交互属于源码编辑，不是另一个后端表格数据库。,通常纯前端；图片 /api/image/save，文档最终 /api/save,真实CodeMirror格式、单次撤销、智能列表/括号/表格、粘贴、选区工具、斜杠菜单、预览同步及窄窗退化通过。,编辑器加载失败提供textarea兜底；CM专用功能在可用编辑器中启用。,"[{""file"": ""assets/js/editor/editor.js"", ""symbol"": ""cmPriorityKeymap"", ""line"": 1813}, {""file"": ""assets/js/editor/editor.js"", ""symbol"": ""handleSmartExcelPaste"", ""line"": 1154}, {""file"": ""assets/js/editor/editor.js"", ""symbol"": ""cmTaskMarkerClick"", ""line"": 552}, {""file"": ""assets/js/editor/editor.js"", ""symbol"": ""cmHandlePaste"", ""line"": 1905}]","[{""file"": ""ui-tests/editor-upgrade.spec.js"", ""kind"": ""相关回归；覆盖范围见validation""}, {""file"": ""ui-tests/readmd-ui.spec.js"", ""kind"": ""相关回归；覆盖范围见validation""}, {""file"": ""ui-tests/v238-reliability.spec.js"", ""kind"": ""相关回归；覆盖范围见validation""}]"
,05 Markdown 编辑工作台,预览布局与分栏拖动,编辑 → 预览菜单 → 上/左/右/下/关闭五种布局 → 实时渲染 Markdown；勾选同步滚动使源码和预览滚动联动；拖动横向/纵向分隔条调整比例。布局、滚动同步与比例保存到设置。,桌面 /api/settings；浏览器 localStorage；正文预览渲染在前端,真实CodeMirror格式、单次撤销、智能列表/括号/表格、粘贴、选区工具、斜杠菜单、预览同步及窄窗退化通过。,编辑器加载失败提供textarea兜底；CM专用功能在可用编辑器中启用。,"[{""file"": ""assets/js/editor/preview.js"", ""symbol"": ""setPvLayout"", ""line"": 66}, {""file"": ""assets/js/editor/preview.js"", ""symbol"": ""bindPvSplitter"", ""line"": 179}, {""file"": ""assets/js/editor/preview.js"", ""symbol"": ""pvSyncFromPreview"", ""line"": 387}]","[{""file"": ""ui-tests/editor-upgrade.spec.js"", ""kind"": ""相关回归；覆盖范围见validation""}, {""file"": ""ui-tests/readmd-ui.spec.js"", ""kind"": ""相关回归；覆盖范围见validation""}, {""file"": ""ui-tests/v238-reliability.spec.js"", ""kind"": ""相关回归；覆盖范围见validation""}]"
,05 Markdown 编辑工作台,创建编辑副本,更多菜单或命令面板 → 捕获当前真实草稿及图片引用 → 创建独立、未保存标签并进入编辑 → Ctrl+S首次弹系统路径选择 → 成功后副本成为当前文件；取消不落盘。原稿、原稿撤销栈和原目录不被改写。,/api/documents/history保留恢复草稿；用户明确保存时/api/dialog/save-as → save_document_copy，版本保留/资源去重与原子写入,生命周期专项测试、Rust存储与真实原生关闭验证，范围见生命周期报告。,原生文件选择需要桌面；恢复正文16MiB/条、总64MiB/256条/30天；外部AI仍需连接。,"[{""file"": ""assets/js/features/document-history.js"", ""symbol"": ""createCopy"", ""line"": 87}, {""file"": ""assets/js/editor/preview.js"", ""symbol"": ""saveAsSnapshot"", ""line"": 683}]","[{""file"": ""ui-tests/document-lifecycle.spec.js"", ""kind"": ""保存/恢复/资源引用/失败保护专项""}, {""file"": ""rust/readmd-kernel/src/document_history.rs"", ""kind"": ""存储单元测试""}, {""file"": ""ui-tests/native-web-test.cjs"", ""kind"": ""真实Windows WM_CLOSE退出保护""}]"
,06 插入图片、表格、公式和高级块,图片输入及 URL 直接插入,插入菜单/图片 → 选择本地图片加载工作台；也可粘 URL 后点插入 URL/Enter，直接生成 Markdown 图片链接。URL 直接插入和本地裁剪是两条不同路径，URL 入口不等于完整远程图片编辑。,选择本地图片浏览器 FileReader；URL 生成源码；本地编辑后的结果 /api/image/save,图片编辑面板的控制项与处理函数核对；轻量图片控制、比率/翻转/撤销入口及六种窗口语言组合的可访问布局通过。,文件读取、Canvas导出和网络图片受格式/浏览器跨域限制；此轮没有穷举所有图片编码及裁剪组合。,"[{""file"": ""assets/js/editor/image.js"", ""symbol"": ""openImgModal"", ""line"": 24}, {""file"": ""assets/js/editor/image.js"", ""symbol"": ""insertImgUrl"", ""line"": 327}, {""file"": ""assets/js/editor/image.js"", ""symbol"": ""loadImgFromFile"", ""line"": 39}]","[{""file"": ""ui-tests/readmd-ui.spec.js"", ""kind"": ""相关回归；覆盖范围见validation""}, {""file"": ""ui-tests/all-panels-layout.spec.js"", ""kind"": ""相关回归；覆盖范围见validation""}]"
,06 插入图片、表格、公式和高级块,裁剪、旋转、翻转、尺寸及历史,加载图片 → 拖动裁剪框或八个方向手柄 → 自由/1:1/4:3/3:2/16:9/原图比例 → 左/右90°旋转或精确角度，水平/垂直翻转 → 预览缩放 → 输出宽/高（处理上限 16000），锁定宽高比例 → 撤销/重做/重置。缩放用于编辑视图，输出尺寸单独控制生成图片。,Canvas 本地变换；尚未点击插入时不改正文或原图文件,图片编辑面板的控制项与处理函数核对；轻量图片控制、比率/翻转/撤销入口及六种窗口语言组合的可访问布局通过。,文件读取、Canvas导出和网络图片受格式/浏览器跨域限制；此轮没有穷举所有图片编码及裁剪组合。,"[{""file"": ""assets/js/editor/image.js"", ""symbol"": ""rotateImg"", ""line"": 195}, {""file"": ""assets/js/editor/image.js"", ""symbol"": ""applyRatio"", ""line"": 209}, {""file"": ""assets/js/editor/image.js"", ""symbol"": ""undoImg"", ""line"": 20}]","[{""file"": ""ui-tests/readmd-ui.spec.js"", ""kind"": ""相关回归；覆盖范围见validation""}, {""file"": ""ui-tests/all-panels-layout.spec.js"", ""kind"": ""相关回归；覆盖范围见validation""}]"
,06 插入图片、表格、公式和高级块,图片生成、插入与关闭,点插入 → Canvas 导出处理后图像 → /api/image/save 保存图片资源 → 在当前光标插 Markdown 相对路径或相应回退表示 → 标记文档未保存。关闭/×放弃当前工作台编辑；图像保存与 .md 保存是两个步骤。,/api/image/save → server.rs h_image_save；资源路径与编码验证,图片编辑面板的控制项与处理函数核对；轻量图片控制、比率/翻转/撤销入口及六种窗口语言组合的可访问布局通过。,文件读取、Canvas导出和网络图片受格式/浏览器跨域限制；此轮没有穷举所有图片编码及裁剪组合。,"[{""file"": ""assets/js/editor/image.js"", ""symbol"": ""exportAndInsertImg"", ""line"": 346}, {""file"": ""assets/js/editor/image.js"", ""symbol"": ""closeImgModal"", ""line"": 33}]","[{""file"": ""ui-tests/readmd-ui.spec.js"", ""kind"": ""相关回归；覆盖范围见validation""}, {""file"": ""ui-tests/all-panels-layout.spec.js"", ""kind"": ""相关回归；覆盖范围见validation""}]"
,06 插入图片、表格、公式和高级块,表格网格选择,插入表格 → 10×10 尺寸网格 → 鼠标悬停/键盘焦点显示行列 → 点击或 Enter 插入对应尺寸；方向键移动，关闭不插入。每个格子是真实带名称的 44px 按钮，小窗口允许滚动访问。,前端处理；不调用业务后端,鼠标/键盘尺寸选取、方向键移动、Enter插入正确行列；10×10网格44px且小窗可滚动访问通过。,仅生成Markdown表格；大表格后续由编辑器修改。,"[{""file"": ""assets/js/editor/editor.js"", ""symbol"": ""initTableGridPicker"", ""line"": 1270}, {""file"": ""assets/js/editor/editor.js"", ""symbol"": ""insertCustomTable"", ""line"": 1314}]","[{""file"": ""ui-tests/feature-verification.spec.js"", ""kind"": ""相关回归；覆盖范围见validation""}, {""file"": ""ui-tests/editor-upgrade.spec.js"", ""kind"": ""相关回归；覆盖范围见validation""}, {""file"": ""ui-tests/readmd-ui.spec.js"", ""kind"": ""相关回归；覆盖范围见validation""}, {""file"": ""ui-tests/all-panels-layout.spec.js"", ""kind"": ""相关回归；覆盖范围见validation""}]"
,06 插入图片、表格、公式和高级块,公式模板选择,公式按钮 → 搜索模板、选择分类/模板 → 查看公式预览 → 按行内/块公式模式插入 LaTeX。分类和模板按钮动态生成，具体模板目录见数据清单；正文公式由本地 MathJax/KaTeX 类资源渲染。,前端模板插入；Rust 读取修复与导出公式另由 formula_repair.rs/formula 系列实现,28个公式模板目录、分类/搜索/插入函数核对；公式面板和响应式工具回归通过。,数学渲染使用随包资源；自动回归未对每个模板各执行一次人工插入。,"[{""file"": ""assets/js/editor/editor.js"", ""symbol"": ""renderFormulaPicker"", ""line"": 1090}, {""file"": ""assets/js/editor/editor.js"", ""symbol"": ""insertFormula"", ""line"": 1118}]","[{""file"": ""ui-tests/readmd-ui.spec.js"", ""kind"": ""相关回归；覆盖范围见validation""}, {""file"": ""ui-tests/all-panels-layout.spec.js"", ""kind"": ""相关回归；覆盖范围见validation""}]"
,06 插入图片、表格、公式和高级块,交互式代码块插入,选择七种代码语言 → 填代码、图形输出与隐藏选项 → 插入带属性的围栏。空源码不插入、不关闭弹窗；围栏长度自动大于源码中的反引号，防止结构破坏。执行仍取决于已有系统解释器，插入不会自动运行。,插入前端处理；点击运行后 /api/code/run → parity_code.rs + code_chunk_runner.rs,拒绝空源码、较长围栏保护内嵌反引号、图表草稿重开保留通过；实际离线图表渲染通过。,代码执行需本机解释器；复杂图表语法按各引擎能力，基础WSD/D2/ditaa范围见附件。,"[{""file"": ""assets/js/editor/editor.js"", ""symbol"": ""openCodeChunkModal"", ""line"": 756}, {""file"": ""assets/js/editor/editor.js"", ""symbol"": ""insertCodeChunkFromModal"", ""line"": 773}]","[{""file"": ""ui-tests/feature-verification.spec.js"", ""kind"": ""相关回归；覆盖范围见validation""}, {""file"": ""ui-tests/function-completion.spec.js"", ""kind"": ""相关回归；覆盖范围见validation""}, {""file"": ""ui-tests/v238-batch-a-fixes.spec.js"", ""kind"": ""相关回归；覆盖范围见validation""}]"
,06 插入图片、表格、公式和高级块,科学图表插入,选择科学图表类型 → 示例/用户草稿 → 编辑 → 插入。重新打开保留草稿；空代码给出反馈；嵌套反引号用更长围栏保护。渲染器、运行条件及复杂语法限制见图表附件。,插入前端；渲染路径详见第07层和 api.md,拒绝空源码、较长围栏保护内嵌反引号、图表草稿重开保留通过；实际离线图表渲染通过。,代码执行需本机解释器；复杂图表语法按各引擎能力，基础WSD/D2/ditaa范围见附件。,"[{""file"": ""assets/js/editor/editor.js"", ""symbol"": ""openDiagramModal"", ""line"": 805}, {""file"": ""assets/js/editor/editor.js"", ""symbol"": ""insertDiagramFromModal"", ""line"": 822}]","[{""file"": ""ui-tests/feature-verification.spec.js"", ""kind"": ""相关回归；覆盖范围见validation""}, {""file"": ""ui-tests/function-completion.spec.js"", ""kind"": ""相关回归；覆盖范围见validation""}, {""file"": ""ui-tests/v238-batch-a-fixes.spec.js"", ""kind"": ""相关回归；覆盖范围见validation""}]"
,06 插入图片、表格、公式和高级块,引用子文档,输入/浏览引用路径 → 选择 Markdown 递归、Code 高亮或 HTML 原样包含 → 正整数行号或由小到大的范围 → 插入 @import。前端拒绝空路径、引号/换行及非法范围；Rust 真实处理 mode 和 lines，保留预算、路径限制、循环检测及深度上限；不再忽略面板选项。,/api/import/process → import_processor.rs；读文件并按引用模式展开,前端拒绝非法路径/范围；Rust以真实文件验证递归、code/html和lines选项，不再忽略面板设置。,引用文件须存在；路径授权、递归深度和预算限制仍生效。PDF引用需Windows PDF组件。,"[{""file"": ""assets/js/editor/editor.js"", ""symbol"": ""insertDocImportFromModal"", ""line"": 849}, {""file"": ""assets/js/reader/render.js"", ""symbol"": ""processDocImports"", ""line"": 856}]","[{""file"": ""ui-tests/feature-verification.spec.js"", ""kind"": ""相关回归；覆盖范围见validation""}, {""file"": ""ui-tests/v238-batch-a-fixes.spec.js"", ""kind"": ""相关回归；覆盖范围见validation""}]"
,06 插入图片、表格、公式和高级块,YAML/演示元数据,打开元数据 → 读取现有标题、作者、演示主题/转场 → 编辑 → 有效 YAML 引号转义后更新受控字段。保留文献、自定义键、注释和其他演示设置；支持普通缩进及行内映射。文档在弹窗期间变化会拒绝旧修改；复杂锚点/别名等结构要求在源码编辑，不静默改写或损坏。,编辑器源码修改；读取/演示编译在后端解析 frontmatter,已有元数据读取、引号/反斜杠转义、无关字段/嵌套映射保留、水平线区分及过期修改保护通过。,演示区域含复杂YAML锚点/别名时要求编辑源码；拒绝静默改坏元数据。,"[{""file"": ""assets/js/editor/editor.js"", ""symbol"": ""openFrontmatterModal"", ""line"": 982}, {""file"": ""assets/js/editor/editor.js"", ""symbol"": ""insertFrontmatterFromModal"", ""line"": 1019}]","[{""file"": ""ui-tests/feature-verification.spec.js"", ""kind"": ""相关回归；覆盖范围见validation""}]"
,07 代码运行与图表渲染,单个代码块运行、复制输出、清空,文档存在 cmd/可执行属性块 → 点击运行 → 按钮禁用、状态和计时显示 → 结果显示 stdout/stderr及可捕获图像 → 可再次运行、复制输出或清空显示。output=true 且处于编辑状态时才通过编辑器事务回填输出并走保存路径；普通运行仅影响预览。,/api/code/run 要求 confirm:true；code_chunk_runner.rs 选择本地语言运行时或内置 SQL，限制cwd、网络/路径、超时与输出,单块/全部运行入口及输出保存、复制、清空调用链核对；Rust代码执行参数/超时等单测通过。,七种代码语言依赖已安装解释器；本轮未安装依赖或在本机执行每种语言。,"[{""file"": ""assets/js/reader/render.js"", ""symbol"": ""renderAllCodeChunks"", ""line"": 1765}, {""file"": ""assets/js/reader/render.js"", ""symbol"": ""persistCodeChunkOutput"", ""line"": 1906}]","[{""file"": ""ui-tests/function-completion.spec.js"", ""kind"": ""相关回归；覆盖范围见validation""}]"
,07 代码运行与图表渲染,运行全部代码块,有可运行代码块时更多/互动显示运行代码 → 点击后按实现顺序执行各卡片；无代码块时入口隐藏/禁用。每个块保留独立运行状态、计时和输出，失败不是整个文档变成运行成功。,复用每块 /api/code/run；并非另一种无限权限执行器,单块/全部运行入口及输出保存、复制、清空调用链核对；Rust代码执行参数/超时等单测通过。,七种代码语言依赖已安装解释器；本轮未安装依赖或在本机执行每种语言。,"[{""file"": ""assets/js/reader/render.js"", ""symbol"": ""runAllCodeChunks"", ""line"": 1954}]","[{""file"": ""ui-tests/function-completion.spec.js"", ""kind"": ""相关回归；覆盖范围见validation""}]"
,07 代码运行与图表渲染,本地图表与失败回退,Mermaid、WaveDrom、DOT/Viz、Chart.js、BitField、TikZ 等按本地 vendor JS/WASM渲染；Vega/Vega-Lite也有 Rust/Node 后端路径。渲染失败保留源码并显示回退原因；主题变化重渲染。图表源码不是可随意执行的页面 HTML。,/api/diagram/render、capabilities → parity_diagram.rs + diagrams.rs；当前探测枚举见 api.md,真实Mermaid/WaveDrom/Bitfield/TikZ/Chart.js及Rust基础WSD/D2/ditaa离线渲染通过；失败保留源码/反馈。,其他引擎按随包资源/本机工具能力；支持边界在native-diagrams.md。,"[{""file"": ""assets/js/reader/render.js"", ""symbol"": ""renderAllDiagrams"", ""line"": 2444}, {""file"": ""assets/js/reader/render.js"", ""symbol"": ""renderLocalDiagram"", ""line"": 2235}]","[{""file"": ""ui-tests/function-completion.spec.js"", ""kind"": ""相关回归；覆盖范围见validation""}, {""file"": ""ui-tests/v238-batch-a-fixes.spec.js"", ""kind"": ""相关回归；覆盖范围见validation""}]"
,07 代码运行与图表渲染,PlantUML 显式远程渲染,PlantUML 无本地 Java/JAR → 显示依赖缺失和允许远程按钮 → 点击该按钮再确认 → allow_remote:true 请求远程 SVG；取消则保留源码。WSD、D2、ditaa 的基础语法已由Rust离线输出SVG，不请求外部渲染；完整第三方高级语法不等同于本机基础实现，支持内容与拒绝规则见 native-diagrams.md。,/api/diagram/render → parity_diagram.rs render_plantuml；本地优先，远程必须明确 true,显式PlantUML远程按钮、请求和回退路径核对；Rust相关渲染/路径校验单测通过。,没有向外部PlantUML服务发送用户文档；联网可用性和复杂语法未作在线保证。,"[{""file"": ""assets/js/reader/render.js"", ""symbol"": ""renderAllDiagrams"", ""line"": 2444}]","[{""file"": ""ui-tests/v238-batch-a-fixes.spec.js"", ""kind"": ""相关回归；覆盖范围见validation""}]"
,08 AI 对话与文内改写,打开、收起、全屏和调整 AI 面板,顶栏/主页/快捷键打开 AI → 按需加载模块和配置 → 空态显示快速提问入口 → ×收起；全屏按钮切独占布局；拖左边界改宽度；跳到最新回复滚动到底部。未配置连接时提示进入 AI设置，面板本身可打开。,/api/modules/load、/api/ai/config、/api/ai/prompts；面板宽度 /api/settings,AI面板、选区/文档上下文、流式反馈、回答富文本/复制/重试、无痕历史及副本应用通过；请求使用受控响应。,真实模型效果/在线状态取决于用户配置；本轮没有使用用户密钥调用外部AI。,"[{""file"": ""assets/js/features/ai.js"", ""symbol"": ""handleTopAiButtonClick"", ""line"": 53}, {""file"": ""assets/js/features/ai.js"", ""symbol"": ""toggleAiFullscreen"", ""line"": 86}, {""file"": ""assets/js/features/ai.js"", ""symbol"": ""bindAiResize"", ""line"": 2412}]","[{""file"": ""ui-tests/panels-upgrade.spec.js"", ""kind"": ""相关回归；覆盖范围见validation""}, {""file"": ""ui-tests/readmd-ui.spec.js"", ""kind"": ""相关回归；覆盖范围见validation""}, {""file"": ""ui-tests/ai-output-sanitization.spec.js"", ""kind"": ""相关回归；覆盖范围见validation""}, {""file"": ""ui-tests/v238-batch-a-fixes.spec.js"", ""kind"": ""相关回归；覆盖范围见validation""}]"
,08 AI 对话与文内改写,输入、模板、选区、无痕及发送,选择 Prompt/Skill 或直接输入问题 → 可勾选仅使用选中文本，未勾选时按动作选当前文档/上下文 → 发送/键盘发送 → 请求后状态、逐字流式输出与用量 → 停止中断前端请求；新对话清空当前上下文。无痕开关抑制会话落盘，仍会把选定内容发送到所选服务。,/api/ai/chat → server.rs h_ai_chat → parity_aichat.rs/ai.rs/ai_providers.rs；普通会话 /api/ai/history,AI面板、选区/文档上下文、流式反馈、回答富文本/复制/重试、无痕历史及副本应用通过；请求使用受控响应。,真实模型效果/在线状态取决于用户配置；本轮没有使用用户密钥调用外部AI。,"[{""file"": ""assets/js/features/ai.js"", ""symbol"": ""runAi"", ""line"": 2049}, {""file"": ""assets/js/features/ai.js"", ""symbol"": ""getAiTargetText"", ""line"": 1870}, {""file"": ""assets/js/features/ai.js"", ""symbol"": ""clearAiContext"", ""line"": 1474}]","[{""file"": ""ui-tests/panels-upgrade.spec.js"", ""kind"": ""相关回归；覆盖范围见validation""}, {""file"": ""ui-tests/readmd-ui.spec.js"", ""kind"": ""相关回归；覆盖范围见validation""}, {""file"": ""ui-tests/ai-output-sanitization.spec.js"", ""kind"": ""相关回归；覆盖范围见validation""}, {""file"": ""ui-tests/v238-batch-a-fixes.spec.js"", ""kind"": ""相关回归；覆盖范围见validation""}]"
,08 AI 对话与文内改写,消息操作、文档上下文展开和重试,回复下方四项：复制、应用到文档、另存MD、重新生成；回复代码块另有复制代码；用户文档上下文卡可展开/收起全文。请求失败显示重试按钮。重新生成删除最后一组问答后按原问题重新请求，并不是服务端“版本切换”。,复制在前端；重新生成 /api/ai/chat；应用和另存见下一项,AI面板、选区/文档上下文、流式反馈、回答富文本/复制/重试、无痕历史及副本应用通过；请求使用受控响应。,真实模型效果/在线状态取决于用户配置；本轮没有使用用户密钥调用外部AI。,"[{""file"": ""assets/js/features/ai.js"", ""symbol"": ""renderAiBubbleActions"", ""line"": 1329}, {""file"": ""assets/js/features/ai.js"", ""symbol"": ""appendAiUserBubble"", ""line"": 1342}, {""file"": ""assets/js/features/ai.js"", ""symbol"": ""regenerateLastAnswer"", ""line"": 1313}]","[{""file"": ""ui-tests/panels-upgrade.spec.js"", ""kind"": ""相关回归；覆盖范围见validation""}, {""file"": ""ui-tests/readmd-ui.spec.js"", ""kind"": ""相关回归；覆盖范围见validation""}, {""file"": ""ui-tests/ai-output-sanitization.spec.js"", ""kind"": ""相关回归；覆盖范围见validation""}, {""file"": ""ui-tests/v238-batch-a-fixes.spec.js"", ""kind"": ""相关回归；覆盖范围见validation""}]"
,08 AI 对话与文内改写,应用回复及 AI 副本文档,AI整体结果打开未保存副本；选区替换/续写核对来源标签、原文和版本，先保存检查点再执行单个可撤销事务；迟到或编辑变化改开安全副本。AI副本首次保存必须选择路径，不自动写原目录。,/api/ai/chat生成；应用事务在编辑器；history保留检查点；用户保存才调用/save或/dialog/save-as,AI面板、选区/文档上下文、流式反馈、回答富文本/复制/重试、无痕历史及副本应用通过；请求使用受控响应。；保存/副本/恢复最终流程参照生命周期报告及专项测试。,真实模型效果/在线状态取决于用户配置；本轮没有使用用户密钥调用外部AI。,"[{""file"": ""assets/js/features/ai.js"", ""symbol"": ""applyAi"", ""line"": 2519}, {""file"": ""assets/js/features/ai.js"", ""symbol"": ""saveAiAs"", ""line"": 2707}]","[{""file"": ""ui-tests/panels-upgrade.spec.js"", ""kind"": ""相关回归；覆盖范围见validation""}, {""file"": ""ui-tests/readmd-ui.spec.js"", ""kind"": ""相关回归；覆盖范围见validation""}, {""file"": ""ui-tests/ai-output-sanitization.spec.js"", ""kind"": ""相关回归；覆盖范围见validation""}, {""file"": ""ui-tests/v238-batch-a-fixes.spec.js"", ""kind"": ""相关回归；覆盖范围见validation""}, {""file"": ""ui-tests/document-lifecycle.spec.js"", ""kind"": ""本轮生命周期补充回归""}]"
,08 AI 对话与文内改写,编辑内 AI 操作条,选区/光标打开文内 AI → 一次请求 → 文本预览 → 替换、插入或放弃。关闭使旧响应失效并中止前端请求；切换标签不能应用到相同文字的另一篇文档。选区无法唯一定位或来源改变时创建未保存副本；应用是可撤销的编辑事务。,/api/ai/chat 使用共享连接和Skill；修改在编辑器，/api/save 持久化,关闭后忽略迟到响应、同文字不同标签隔离、单次请求、范围检查与安全副本通过。,AI响应为测试夹具；实际联网需有效连接。,"[{""file"": ""assets/js/editor/editor.js"", ""symbol"": ""runEditAiAction"", ""line"": 1411}, {""file"": ""assets/js/editor/editor.js"", ""symbol"": ""applyEditAiResult"", ""line"": 1562}, {""file"": ""assets/js/editor/editor.js"", ""symbol"": ""insertEditAiResult"", ""line"": 1609}]","[{""file"": ""ui-tests/feature-verification.spec.js"", ""kind"": ""相关回归；覆盖范围见validation""}, {""file"": ""ui-tests/editor-upgrade.spec.js"", ""kind"": ""相关回归；覆盖范围见validation""}, {""file"": ""ui-tests/v238-ai-config.spec.js"", ""kind"": ""相关回归；覆盖范围见validation""}]"
,09 AI 连接设置与会话历史,选择连接、官方预设和上游目录,AI设置 → 选择已保存自定义连接或26个官方预设；展开服务目录，搜索/点击上游连接卡加载相应配置。目录有1148条数据，完整条目在 providers.csv。预设是配置模板，列在目录不代表模型可用、密钥已配置或服务已实测。,/api/ai/config → server.rs h_ai_config；ai_providers.rs 提供预设，配置与凭据持久化,公开目录、连接/模型选择、保存、高级参数、密钥不回显、opaque凭据复用、连接测试成功/失败及失败重试通过。,"连接测试的成功/失败使用受控HTTP响应；没有在线探测1,174个供应商条目。","[{""file"": ""assets/js/features/ai.js"", ""symbol"": ""fillAiProviders"", ""line"": 1524}, {""file"": ""assets/js/features/ai.js"", ""symbol"": ""onAiProviderChange"", ""line"": 1661}]","[{""file"": ""ui-tests/panels-settings.spec.js"", ""kind"": ""相关回归；覆盖范围见validation""}, {""file"": ""ui-tests/panels-upgrade.spec.js"", ""kind"": ""相关回归；覆盖范围见validation""}, {""file"": ""ui-tests/v238-ai-config.spec.js"", ""kind"": ""相关回归；覆盖范围见validation""}, {""file"": ""ui-tests/v238-batch-a-fixes.spec.js"", ""kind"": ""相关回归；覆盖范围见validation""}]"
,09 AI 连接设置与会话历史,创建/删除自定义连接及模型选择,点新建自定义连接 → 输入名称、URL、协议等 → 保存；仅自定义连接可删除并确认。模型是 select：获取模型向配置端点拉取列表，再选模型；预设/模型列表为空或鉴权失败显示对应反馈，不把模型选项描述为任意文本输入框。,/api/ai/config POST 保存/删除、/api/ai/models GET/POST 拉模型目录,公开目录、连接/模型选择、保存、高级参数、密钥不回显、opaque凭据复用、连接测试成功/失败及失败重试通过。,"连接测试的成功/失败使用受控HTTP响应；没有在线探测1,174个供应商条目。","[{""file"": ""assets/js/features/ai.js"", ""symbol"": ""newAiProvider"", ""line"": 1730}, {""file"": ""assets/js/features/ai.js"", ""symbol"": ""deleteAiProvider"", ""line"": 1746}, {""file"": ""assets/js/features/ai.js"", ""symbol"": ""loadAiModels"", ""line"": 1951}]","[{""file"": ""ui-tests/panels-settings.spec.js"", ""kind"": ""相关回归；覆盖范围见validation""}, {""file"": ""ui-tests/panels-upgrade.spec.js"", ""kind"": ""相关回归；覆盖范围见validation""}, {""file"": ""ui-tests/v238-ai-config.spec.js"", ""kind"": ""相关回归；覆盖范围见validation""}, {""file"": ""ui-tests/v238-batch-a-fixes.spec.js"", ""kind"": ""相关回归；覆盖范围见validation""}]"
,09 AI 连接设置与会话历史,密钥输入、显示切换和清除,输入新密钥 → 可切换当前输入框密码/文本显示 → 清除标记删除凭据 → 保存。已保存密钥仅显示“已配置”等状态，GET配置不回显原始密钥，打开面板不会重新填入密钥。清除按钮和显示按钮各自作用，不把“显示当前输入”写成“读回已存密钥”。,/api/ai/config POST 保存 key/clear_key；读取使用 has_key/credential_id 等句柄信息,公开目录、连接/模型选择、保存、高级参数、密钥不回显、opaque凭据复用、连接测试成功/失败及失败重试通过。,"连接测试的成功/失败使用受控HTTP响应；没有在线探测1,174个供应商条目。","[{""file"": ""assets/js/features/ai.js"", ""symbol"": ""syncAiKey"", ""line"": 1679}, {""file"": ""assets/js/features/ai.js"", ""symbol"": ""toggleAiKey"", ""line"": 2006}, {""file"": ""assets/js/features/ai.js"", ""symbol"": ""clearAiKey"", ""line"": 2014}]","[{""file"": ""ui-tests/panels-settings.spec.js"", ""kind"": ""相关回归；覆盖范围见validation""}, {""file"": ""ui-tests/panels-upgrade.spec.js"", ""kind"": ""相关回归；覆盖范围见validation""}, {""file"": ""ui-tests/v238-ai-config.spec.js"", ""kind"": ""相关回归；覆盖范围见validation""}, {""file"": ""ui-tests/v238-batch-a-fixes.spec.js"", ""kind"": ""相关回归；覆盖范围见validation""}]"
,09 AI 连接设置与会话历史,高级参数与连接保存,展开高级参数 → 名称、Base URL、重置URL；协议 auto/chat/completion/responses/messages；端点模式前缀或完整URL；自定义Headers JSON；流式开关。点保存验证Headers对象和重名 → POST配置 → 重新读配置 → 已保存并关闭。保存官方预设时创建独立 custom: 连接，避免把模板当用户配置本身。高级折叠与服务目录折叠只控制显示。,/api/ai/config；配置字段与 AI 请求协议归一化见 ai.rs/parity_aichat.rs,公开目录、连接/模型选择、保存、高级参数、密钥不回显、opaque凭据复用、连接测试成功/失败及失败重试通过。,"连接测试的成功/失败使用受控HTTP响应；没有在线探测1,174个供应商条目。","[{""file"": ""assets/js/features/ai.js"", ""symbol"": ""saveAiSelection"", ""line"": 1768}, {""file"": ""assets/js/features/ai.js"", ""symbol"": ""readAiCustomHeaders"", ""line"": 1637}]","[{""file"": ""ui-tests/panels-settings.spec.js"", ""kind"": ""相关回归；覆盖范围见validation""}, {""file"": ""ui-tests/panels-upgrade.spec.js"", ""kind"": ""相关回归；覆盖范围见validation""}, {""file"": ""ui-tests/v238-ai-config.spec.js"", ""kind"": ""相关回归；覆盖范围见validation""}, {""file"": ""ui-tests/v238-batch-a-fixes.spec.js"", ""kind"": ""相关回归；覆盖范围见validation""}]"
,09 AI 连接设置与会话历史,测试连接,点测试 → 禁用测试、保存、获取模型按钮并显示“正在测试” → 先保存当前表单 → POST /api/ai/models → 成功显示连接状态和模型数，失败显示鉴权/网络/协议等提示 → finally恢复按钮。该测试验证模型目录请求，不等于实际完成一次聊天推理。,/api/ai/config 后 /api/ai/models；后端读取凭据并调用提供商,公开目录、连接/模型选择、保存、高级参数、密钥不回显、opaque凭据复用、连接测试成功/失败及失败重试通过。,"连接测试的成功/失败使用受控HTTP响应；没有在线探测1,174个供应商条目。","[{""file"": ""assets/js/features/ai.js"", ""symbol"": ""testAiConnection"", ""line"": 2297}]","[{""file"": ""ui-tests/panels-settings.spec.js"", ""kind"": ""相关回归；覆盖范围见validation""}, {""file"": ""ui-tests/panels-upgrade.spec.js"", ""kind"": ""相关回归；覆盖范围见validation""}, {""file"": ""ui-tests/v238-ai-config.spec.js"", ""kind"": ""相关回归；覆盖范围见validation""}, {""file"": ""ui-tests/v238-batch-a-fixes.spec.js"", ""kind"": ""相关回归；覆盖范围见validation""}]"
,09 AI 连接设置与会话历史,会话浏览、命名、保存、删除、复制及导出,历史按钮 → 加载会话列表 → 搜索标题 → 点会话恢复问答；会话条目支持重命名及删除。保存会话写历史；删除当前/删除条目和清空所有经各自确认。复制把会话格式化成文本/Markdown；导出会话通过桌面保存/浏览器下载。静态的 ai-session/save-session/delete-session 是旧控件，当前可见性见 controls.md，不能重复当成另一套界面。,/api/ai/history 按 action/list/get/save/delete/rename/clear；store.rs AI 会话持久化,会话列表、无痕不落盘、加载/保存/删除/复制/导出调用链核对；历史渲染与AI面板回归通过。,此轮未以真实外部AI会话穷举所有会话操作组合；历史后端读写由Rust单测覆盖。,"[{""file"": ""assets/js/features/ai.js"", ""symbol"": ""loadAiSessions"", ""line"": 1149}, {""file"": ""assets/js/features/ai.js"", ""symbol"": ""renderAiSessionSelect"", ""line"": 1159}, {""file"": ""assets/js/features/ai.js"", ""symbol"": ""exportCurrentConversation"", ""line"": 2365}]","[{""file"": ""ui-tests/readmd-ui.spec.js"", ""kind"": ""相关回归；覆盖范围见validation""}, {""file"": ""ui-tests/ai-output-sanitization.spec.js"", ""kind"": ""相关回归；覆盖范围见validation""}, {""file"": ""ui-tests/all-panels-layout.spec.js"", ""kind"": ""相关回归；覆盖范围见validation""}]"
,10 Prompt / Skill 工作台,搜索、浏览和技能说明,打开模板工作台 → 搜索名称/内容 → 分类分组的动态 Skill 行 → 点行查看名称、描述、角色指令、许可证/来源/版本等事实 → 选作 AI 模板。内置技能和用户技能有不同编辑/删除权限；当前隔离快照25个内置Skill，不是承诺用户数据也只有25个。,/api/ai/prompts、/api/skills；Rust 模板/skill 目录与元信息,Skill目录、详情/编辑分离、创建校验、导入来源选择、认证失败反馈、凭据句柄及Rust技能增删/导入校验通过。,AI生成与GitHub返回使用受控响应；文件夹/ZIP需要相应本地资源，发布是本地技能发布状态。,"[{""file"": ""assets/js/features/ai.js"", ""symbol"": ""renderTplList"", ""line"": 339}, {""file"": ""assets/js/features/ai.js"", ""symbol"": ""renderSkillOverview"", ""line"": 432}, {""file"": ""assets/js/features/ai.js"", ""symbol"": ""selectTpl"", ""line"": 507}]","[{""file"": ""ui-tests/v238-skill-workbench.spec.js"", ""kind"": ""相关回归；覆盖范围见validation""}, {""file"": ""ui-tests/v238-batch-a-fixes.spec.js"", ""kind"": ""相关回归；覆盖范围见validation""}, {""file"": ""ui-tests/all-panels-layout.spec.js"", ""kind"": ""相关回归；覆盖范围见validation""}]"
,10 Prompt / Skill 工作台,新建、编辑、复制、保存和删除,新建空白技能/模板 → 输入名称、系统指令、用户模板（支持 {doc}/{prompt}）→ 保存；编辑进入表单，复制内置或现有项为可改副本；删除自定义项须确认，内置模板的delete分支是重置默认内容。tpl-id/tpl-action 是隐藏表单元数据，用户不能直接点击它们。,/api/ai/prompts POST 维护自定义模板；/api/skills 提供 Skill 对应能力；以保存分支为准,Skill目录、详情/编辑分离、创建校验、导入来源选择、认证失败反馈、凭据句柄及Rust技能增删/导入校验通过。,AI生成与GitHub返回使用受控响应；文件夹/ZIP需要相应本地资源，发布是本地技能发布状态。,"[{""file"": ""assets/js/features/ai.js"", ""symbol"": ""copyCurrentSkill"", ""line"": 539}, {""file"": ""assets/js/features/ai.js"", ""symbol"": ""saveTplForm"", ""line"": 1088}, {""file"": ""assets/js/features/ai.js"", ""symbol"": ""deleteCurrentTpl"", ""line"": 1113}]","[{""file"": ""ui-tests/v238-skill-workbench.spec.js"", ""kind"": ""相关回归；覆盖范围见validation""}, {""file"": ""ui-tests/v238-batch-a-fixes.spec.js"", ""kind"": ""相关回归；覆盖范围见validation""}, {""file"": ""ui-tests/all-panels-layout.spec.js"", ""kind"": ""相关回归；覆盖范围见validation""}]"
,10 Prompt / Skill 工作台,AI 生成草稿和示例,AI生成 → 可填入精读示例 → 填技能名称/用途 → 输出 Markdown/结构化表格/行动清单 → 生成草稿 → 展示在工作台可编辑。生成需要共享AI连接；生成草稿不会直接变成已发布启用技能。取消/×保留原工作台。,/api/ai/chat 使用技能生成提示；发布/保存是后续独立动作,Skill目录、详情/编辑分离、创建校验、导入来源选择、认证失败反馈、凭据句柄及Rust技能增删/导入校验通过。,AI生成与GitHub返回使用受控响应；文件夹/ZIP需要相应本地资源，发布是本地技能发布状态。,"[{""file"": ""assets/js/features/ai.js"", ""symbol"": ""generateSkillDraft"", ""line"": 644}, {""file"": ""assets/js/features/ai.js"", ""symbol"": ""openSkillIdeaDialog"", ""line"": 564}]","[{""file"": ""ui-tests/v238-skill-workbench.spec.js"", ""kind"": ""相关回归；覆盖范围见validation""}, {""file"": ""ui-tests/v238-batch-a-fixes.spec.js"", ""kind"": ""相关回归；覆盖范围见validation""}, {""file"": ""ui-tests/all-panels-layout.spec.js"", ""kind"": ""相关回归；覆盖范围见validation""}]"
,10 Prompt / Skill 工作台,评估、发布、启用/停用和导出单个,发布 → 先 /api/skills action:evaluate → 取得evaluation_token → 用户确认 → action:publish写入启用技能；启用/停用对可管理自定义项发enable/disable；导出单个Skill下载 .SKILL.md，内置项由元数据+指令合成。按钮文案“排版出版”实际对应 Skill 发布，不应误列为文件导出。,/api/skills evaluate/publish/enable/disable/export；Rust后端检查评估与确认，scripts_allowed:false,Skill目录、详情/编辑分离、创建校验、导入来源选择、认证失败反馈、凭据句柄及Rust技能增删/导入校验通过。,AI生成与GitHub返回使用受控响应；文件夹/ZIP需要相应本地资源，发布是本地技能发布状态。,"[{""file"": ""assets/js/features/ai.js"", ""symbol"": ""publishCurrentSkill"", ""line"": 699}, {""file"": ""assets/js/features/ai.js"", ""symbol"": ""toggleCurrentSkillEnabled"", ""line"": 732}, {""file"": ""assets/js/features/ai.js"", ""symbol"": ""exportCurrentSkill"", ""line"": 751}]","[{""file"": ""ui-tests/v238-skill-workbench.spec.js"", ""kind"": ""相关回归；覆盖范围见validation""}, {""file"": ""ui-tests/v238-batch-a-fixes.spec.js"", ""kind"": ""相关回归；覆盖范围见validation""}, {""file"": ""ui-tests/all-panels-layout.spec.js"", ""kind"": ""相关回归；覆盖范围见validation""}]"
,10 Prompt / Skill 工作台,导入 Markdown/JSON 及全部导出,工作台导入入口和隐藏文件输入支持模板文件处理：读取 MD/frontmatter或JSON模板数组 → 解析名称/system/user/action → 写自定义模板 → 重新加载列表。导出全部将当前模板列表封成version/exported_at/templates JSON下载。当前导入主菜单默认打开GitHub来源，不应把隐藏文件 input 当成一直可見按钮；其可到达路径详见 controls.md。,/api/ai/prompts POST；导出JSON为浏览器 Blob,Skill目录、详情/编辑分离、创建校验、导入来源选择、认证失败反馈、凭据句柄及Rust技能增删/导入校验通过。,AI生成与GitHub返回使用受控响应；文件夹/ZIP需要相应本地资源，发布是本地技能发布状态。,"[{""file"": ""assets/js/features/ai.js"", ""symbol"": ""importTemplatesFromFile"", ""line"": 853}, {""file"": ""assets/js/features/ai.js"", ""symbol"": ""exportTemplatesAsJson"", ""line"": 1071}]","[{""file"": ""ui-tests/v238-skill-workbench.spec.js"", ""kind"": ""相关回归；覆盖范围见validation""}, {""file"": ""ui-tests/v238-batch-a-fixes.spec.js"", ""kind"": ""相关回归；覆盖范围见validation""}, {""file"": ""ui-tests/all-panels-layout.spec.js"", ""kind"": ""相关回归；覆盖范围见validation""}]"
,10 Prompt / Skill 工作台,GitHub、目录、ZIP来源预览和选择导入,导入菜单 → 三来源页签 → GitHub填写仓库/子目录URL，鉴权失败才显示token输入；桌面目录/ZIP用原生选择器，浏览器目录用webkitdirectory、ZIP先上传 → POST预览 → 动态技能复选框（无效项禁用）→ 选择 → 确认导入 → apply提交。当前前端冲突策略固定skip，无覆盖/重命名下拉；输入token使用后清空，目录源码/脚本元数据只展示和受控导入。,/api/skill-imports/preview、apply → batch2.rs + skill_import.rs；源扫描、校验、导入；动态check/update/delete接口当前没有对应完整来源管理面板,Skill目录、详情/编辑分离、创建校验、导入来源选择、认证失败反馈、凭据句柄及Rust技能增删/导入校验通过。,AI生成与GitHub返回使用受控响应；文件夹/ZIP需要相应本地资源，发布是本地技能发布状态。,"[{""file"": ""assets/js/features/ai.js"", ""symbol"": ""selectSkillImportSource"", ""line"": 911}, {""file"": ""assets/js/features/ai.js"", ""symbol"": ""renderGithubSkillPreview"", ""line"": 986}, {""file"": ""assets/js/features/ai.js"", ""symbol"": ""applyGithubSkillImport"", ""line"": 1037}]","[{""file"": ""ui-tests/v238-skill-workbench.spec.js"", ""kind"": ""相关回归；覆盖范围见validation""}, {""file"": ""ui-tests/v238-batch-a-fixes.spec.js"", ""kind"": ""相关回归；覆盖范围见validation""}, {""file"": ""ui-tests/all-panels-layout.spec.js"", ""kind"": ""相关回归；覆盖范围见validation""}]"
,11 万物转 MD 与批量导入,打开面板、选文件、选文件夹和覆盖策略,转换入口 → 万物转MD面板 → 选多个文件或目录。桌面多选原路径；浏览器多选先上传；选目录GET collect递归收集 → 自动开始批处理，无额外开始按钮。未勾覆盖时已有.md跳过，勾选覆盖时替换；图片分到OCR通道，其他到文档通道。处理中禁用新增文件/目录防止并行任务。,/api/dialog/choose-many-files、choose-folder、/api/upload、/api/convert/collect、batch；具体格式矩阵见 formats.md,真实ZIP选择→拆包→子文件转MD；转换队列进度/错误/取消、关闭重开保持、重复提交与覆盖决策通过；143格式分派表核对。,系统选择目录仅桌面可用；插件/本机工具条件见formats.md，143行不是143种均已实机穷举。,"[{""file"": ""assets/js/features/convert.js"", ""symbol"": ""pickConvertFiles"", ""line"": 39}, {""file"": ""assets/js/features/convert.js"", ""symbol"": ""pickConvertFolder"", ""line"": 62}, {""file"": ""assets/js/features/batch.js"", ""symbol"": ""enqueueBatchFiles"", ""line"": 101}]","[{""file"": ""ui-tests/function-completion.spec.js"", ""kind"": ""相关回归；覆盖范围见validation""}, {""file"": ""ui-tests/v238-batch-workbench.spec.js"", ""kind"": ""相关回归；覆盖范围见validation""}, {""file"": ""ui-tests/readmd-ui.spec.js"", ""kind"": ""相关回归；覆盖范围见validation""}]"
,11 万物转 MD 与批量导入,任务行、进度、取消和结果目录,每文件行显示排队/运行/成功/跳过/失败/取消；失败附错误说明。文档批量600ms轮询progress；图片逐张OCR并保存.md。点取消全部发送job取消并阻止后续OCR，包括首项尚未开始的OCR；正在进行的系统OCR调用不保证立即中断。成功或可打开的跳过行点开输出Markdown；打开结果目录优先用所选根目录，否则输出公共目录。关闭面板保留轮询与任务锁；重开显示同一批次，处理中禁止再提交一批。,/api/convert/progress、cancel；/api/ocr save=1&on_exists=skip/overwrite；/api/system/open-path,真实ZIP选择→拆包→子文件转MD；转换队列进度/错误/取消、关闭重开保持、重复提交与覆盖决策通过；143格式分派表核对。,系统选择目录仅桌面可用；插件/本机工具条件见formats.md，143行不是143种均已实机穷举。,"[{""file"": ""assets/js/features/batch.js"", ""symbol"": ""makeBatchRow"", ""line"": 59}, {""file"": ""assets/js/features/batch.js"", ""symbol"": ""pollBatchJob"", ""line"": 169}, {""file"": ""assets/js/features/batch.js"", ""symbol"": ""onBatchCancel"", ""line"": 335}, {""file"": ""assets/js/features/batch.js"", ""symbol"": ""showBatchOpenDir"", ""line"": 279}]","[{""file"": ""ui-tests/function-completion.spec.js"", ""kind"": ""相关回归；覆盖范围见validation""}, {""file"": ""ui-tests/v238-batch-workbench.spec.js"", ""kind"": ""相关回归；覆盖范围见validation""}, {""file"": ""ui-tests/readmd-ui.spec.js"", ""kind"": ""相关回归；覆盖范围见validation""}]"
,11 万物转 MD 与批量导入,单文件导入与同名输出决策,从打开文件/拖放等进入单文件转换 → 检测已有输出 → 如需决策显示覆盖/改名/取消等动态选择（由具体调用路径生成）→ /api/convert返回content/engine/fixes/out/saved/skipped → 展示虚拟或实际文档，并反馈输出是否写入。批处理覆盖勾选与单文件on_exists决策是不同入口。 单文件转换/OCR/网页预览不自动写文件，未编辑关闭不提示；修改后提示，显式保存才创建 Markdown。,/api/convert?p=…&on_exists=skip|overwrite|rename；batch2.rs h_convert → convert.rs convert_triple → mdcheck与输出保存,真实ZIP选择→拆包→子文件转MD；转换队列进度/错误/取消、关闭重开保持、重复提交与覆盖决策通过；143格式分派表核对。,系统选择目录仅桌面可用；插件/本机工具条件见formats.md，143行不是143种均已实机穷举。,"[{""file"": ""assets/js/features/convert.js"", ""symbol"": ""convertOrOcr"", ""line"": 178}, {""file"": ""assets/js/reader/render.js"", ""symbol"": ""convertFile"", ""line"": 3117}]","[{""file"": ""ui-tests/function-completion.spec.js"", ""kind"": ""相关回归；覆盖范围见validation""}, {""file"": ""ui-tests/v238-batch-workbench.spec.js"", ""kind"": ""相关回归；覆盖范围见validation""}, {""file"": ""ui-tests/readmd-ui.spec.js"", ""kind"": ""相关回归；覆盖范围见validation""}, {""file"": ""ui-tests/window-upgrade.spec.js"", ""kind"": ""本轮界面行为回归""}, {""file"": ""docs/reviews/readmd-window-system-upgrade-2026-10-04.md"", ""kind"": ""实现、实机和网络验证范围""}]"
,11 万物转 MD 与批量导入,文件拖入、目录拖入和ZIP拆包,拖入主阅读器或原生窗口 → 分类text/binary/folder/zip；文本直接打开，文档/图像转换或OCR，目录显示文件树；ZIP先解压到隔离临时目录、过滤条目，再把解压路径加入批量转换。浏览器无绝对路径则上传副本；桌面原生drop传完整路径；去重原生/HTML双事件。ZIP直接通过万物转换选中与拖ZIP的拆包流程不同。,/api/batch/extract-zip、upload、file、convert/batch、ocr；convert.rs ZIP路径/大小/条数/CRC限制,真实ZIP选择→拆包→子文件转MD；转换队列进度/错误/取消、关闭重开保持、重复提交与覆盖决策通过；143格式分派表核对。,系统选择目录仅桌面可用；插件/本机工具条件见formats.md，143行不是143种均已实机穷举。,"[{""file"": ""assets/js/core/dragdrop.js"", ""symbol"": ""handleDroppedEntries"", ""line"": 58}, {""file"": ""assets/js/core/dragdrop.js"", ""symbol"": ""extractDroppedZip"", ""line"": 21}]","[{""file"": ""ui-tests/function-completion.spec.js"", ""kind"": ""相关回归；覆盖范围见validation""}, {""file"": ""ui-tests/v238-batch-workbench.spec.js"", ""kind"": ""相关回归；覆盖范围见validation""}, {""file"": ""ui-tests/readmd-ui.spec.js"", ""kind"": ""相关回归；覆盖范围见validation""}]"
,11 万物转 MD 与批量导入,音视频识别语言,运行前选择自动/中文/英文/日文 → 保存在localStorage → 单文件和批次请求携带language → SAPI匹配安装的语言识别器 → 输出真实识别段落与时间戳；找不到语言模型明确失败。运行中锁定语言控件，关闭重开保持任务。,/api/convert、/api/convert/batch、/api/transcribe → transcribe.rs/speech.rs，媒体解码复用本机FFmpeg,语言设置进入单文件/拖放/批次；Rust离线语音、压缩媒体、无语音/超时/取消与绝对时间戳验证通过。,Windows已安装SAPI识别器；压缩音视频需要现有FFmpeg。识别质量依赖系统引擎。,"[{""file"": ""assets/js/features/convert.js"", ""symbol"": ""initSpeechLanguage"", ""line"": 16}, {""file"": ""assets/js/features/convert.js"", ""symbol"": ""currentSpeechLanguage"", ""line"": 11}]","[{""file"": ""ui-tests/all-panels-layout.spec.js"", ""kind"": ""相关回归；覆盖范围见validation""}]"
,12 插件中心,插件搜索、分类和运行信息,万物转MD或命令面板 → 插件中心 → 输入名称/说明/能力搜索，或切换分类、仅看已安装 → 安装、启停、卸载及查看错误。刷新重新读取真实状态；统计区按 installed 与无需安装的内置能力计算，不把可安装引擎误算为已安装。类别支持方向键/Home/End，搜索、滚动和焦点在状态刷新中保留；运行信息折叠。,/api/plugins/list → plugin_manager.rs plugin_manifest/native_support；按实际installed/native标志渲染,真实原生扩展安装→执行转换→启停持久化→重载→卸载；互斥/失败回滚/加载错误/进度与重试通过。,14个目录项是Rust扩展配置；系统OCR/语音/FFmpeg能力需要本机已有组件。,"[{""file"": ""assets/js/features/convert.js"", ""symbol"": ""openPluginModal"", ""line"": 209}, {""file"": ""assets/js/features/convert.js"", ""symbol"": ""renderPluginCards"", ""line"": 410}]","[{""file"": ""ui-tests/function-completion.spec.js"", ""kind"": ""相关回归；覆盖范围见validation""}, {""file"": ""ui-tests/panels-settings.spec.js"", ""kind"": ""相关回归；覆盖范围见validation""}, {""file"": ""ui-tests/window-upgrade.spec.js"", ""kind"": ""本轮界面行为回归""}, {""file"": ""docs/reviews/readmd-window-system-upgrade-2026-10-04.md"", ""kind"": ""实现、实机和网络验证范围""}]"
,12 插件中心,安装、重试及安装进度,未安装扩展点安装/失败后点重试 → 确认 → POST install → 轮询进度 → 原子写plugins/native/id.json、验证内容、保存manifest并回读 → 卡片显示开关/卸载。发生写入错误恢复之前配置并显示错误详情。安装的是此Rust构建中的扩展配置，不下载或冒称安装Python第三方库。,/api/plugins/install → plugin_manager.rs install_plugin_async；原子安装、回读验证、manifest互斥与回滚,真实原生扩展安装→执行转换→启停持久化→重载→卸载；互斥/失败回滚/加载错误/进度与重试通过。,14个目录项是Rust扩展配置；系统OCR/语音/FFmpeg能力需要本机已有组件。,"[{""file"": ""assets/js/features/convert.js"", ""symbol"": ""startPluginInstall"", ""line"": 613}, {""file"": ""assets/js/features/convert.js"", ""symbol"": ""refreshPluginList"", ""line"": 227}]","[{""file"": ""ui-tests/function-completion.spec.js"", ""kind"": ""相关回归；覆盖范围见validation""}, {""file"": ""ui-tests/panels-settings.spec.js"", ""kind"": ""相关回归；覆盖范围见validation""}]"
,12 插件中心,启用/停用和互斥切换,检测到已安装插件才有开关 → change时锁住全部插件开关 → POST toggle → 保存manifest.enabled → 若同能力另一插件已启用则关闭它 → 重新读清单 → 已保存。失败回滚前端缓存并提示，不把UI变亮当保存成功。内置能力没有此开关，native能力不会因为旧包开关自动切换成Python引擎。,/api/plugins/toggle → plugin_manager.rs set_plugin_enabled/save_manifest；同能力互斥持久化,真实原生扩展安装→执行转换→启停持久化→重载→卸载；互斥/失败回滚/加载错误/进度与重试通过。,14个目录项是Rust扩展配置；系统OCR/语音/FFmpeg能力需要本机已有组件。,"[{""file"": ""assets/js/features/convert.js"", ""symbol"": ""setPluginToggle"", ""line"": 577}]","[{""file"": ""ui-tests/function-completion.spec.js"", ""kind"": ""相关回归；覆盖范围见validation""}, {""file"": ""ui-tests/panels-settings.spec.js"", ""kind"": ""相关回归；覆盖范围见validation""}]"
,12 插件中心,卸载及错误详情,检测到installed卡片 → 点卸载 → 危险确认 → POST uninstall → 刷新list并反馈。后端检查忙碌/安装状态、删除沙箱内对应包文件和manifest记录，不删除Rust编译内置能力。错误详情summary可展开查看已返回诊断。,/api/plugins/uninstall → plugin_manager.rs uninstall_plugin；沙箱文件/锁/记录,真实原生扩展安装→执行转换→启停持久化→重载→卸载；互斥/失败回滚/加载错误/进度与重试通过。,14个目录项是Rust扩展配置；系统OCR/语音/FFmpeg能力需要本机已有组件。,"[{""file"": ""assets/js/features/convert.js"", ""symbol"": ""startPluginUninstall"", ""line"": 647}, {""file"": ""assets/js/features/convert.js"", ""symbol"": ""pluginErrorMarkup"", ""line"": 384}]","[{""file"": ""ui-tests/function-completion.spec.js"", ""kind"": ""相关回归；覆盖范围见validation""}, {""file"": ""ui-tests/panels-settings.spec.js"", ""kind"": ""相关回归；覆盖范围见validation""}]"
,13 OCR、网页提取和剪贴板,扫描识别入口,选择图片/PDF → 单文件任务去重与busy反馈 → 按需加载OCR模块 → GET ocr → 内容/fixes展示新文档；多图逐张处理，批处理通道可写.md。无文字返回empty/提示，失败区分模块不可用、文件/格式等。Windows使用本机OCR能力；是否可用以 pick_engine/模块状态为准。,/api/ocr → parity_web.rs + ocr.rs；ocr_winrt.rs WindowsOCR及PDF页渲染/布局归一化,OCR选择/转换入口、语言/图片/PDF分流核对；Rust OCR/PDF真实文件与错误/页码/预算单测通过。,需Windows OCR语言包及PDF组件；不同扫描质量/语言组合未逐一实机穷举。,"[{""file"": ""assets/js/features/convert.js"", ""symbol"": ""chooseFile"", ""line"": 120}, {""file"": ""assets/js/features/convert.js"", ""symbol"": ""ocrFile"", ""line"": 98}]","[{""file"": ""ui-tests/v238-batch-workbench.spec.js"", ""kind"": ""相关回归；覆盖范围见validation""}, {""file"": ""ui-tests/readmd-ui.spec.js"", ""kind"": ""相关回归；覆盖范围见validation""}]"
,13 OCR、网页提取和剪贴板,网页表单、粘贴、抓取页数和图片,网页入口 → 填URL/粘贴剪贴板网址 → 抓取页数1–30（±、输入或滚轮）→ 勾下载图片 → 可见“私有页面”选项按宿主分支授权。页数>1触发同站链接抓取，而不是任意全站爬虫；输入Enter等同智能提取。网址无协议补https。,/api/clipboard/read、/api/web/extract；桌面私有授权经main.rs nativeWeb IPC → desktop_web.rs隔离系统WebView；普通浏览器缺少宿主时显示能力提示,真实隔离WebView动态DOM、Cookie授权、独立桥、输入值剔除、超时/取消/关闭/撤销通过；前端批次取消保留已提取页。,实际验证使用本地页面；外部站点反爬、登录和网络条件不能由本机回归保证。,"[{""file"": ""assets/js/features/web.js"", ""symbol"": ""openWebDialog"", ""line"": 243}, {""file"": ""assets/js/features/web.js"", ""symbol"": ""webToMd"", ""line"": 150}]","[{""file"": ""ui-tests/native-web-test.cjs"", ""kind"": ""相关回归；覆盖范围见validation""}, {""file"": ""ui-tests/readmd-ui.spec.js"", ""kind"": ""相关回归；覆盖范围见validation""}]"
,13 OCR、网页提取和剪贴板,智能提取、完整动态渲染及取消,智能提取 → 静态HTTP获取/正文清洗 → 成功显示虚拟文档、来源、资源和warning；需要JS时尝试宿主隔离系统WebView，完整动态渲染强制使用该窗口。私有页面先在隔离窗口登录并显式授权此站点，再带任务限定grant提取实际DOM；交互模式点提取此页。取消同时设置本地标记、取消HTTP任务及宿主窗口；已抓到页时保留部分成果与统计，批次结束撤销grant。超时或窗口×终止该任务；普通浏览器缺少宿主时提示能力不足。关闭面板的处理见closeWebDialog。,/api/web/extract、cancel → parity_web.rs/headless_renderer.rs；desktop_web.rs隔离系统WebView窗口，DOM捕获、任务授权、取消、超时、撤销授权,真实隔离WebView动态DOM、Cookie授权、独立桥、输入值剔除、超时/取消/关闭/撤销通过；前端批次取消保留已提取页。,实际验证使用本地页面；外部站点反爬、登录和网络条件不能由本机回归保证。,"[{""file"": ""assets/js/features/web.js"", ""symbol"": ""extractOneWebPage"", ""line"": 69}, {""file"": ""assets/js/features/web.js"", ""symbol"": ""cancelWebTask"", ""line"": 135}]","[{""file"": ""ui-tests/native-web-test.cjs"", ""kind"": ""相关回归；覆盖范围见validation""}, {""file"": ""ui-tests/readmd-ui.spec.js"", ""kind"": ""相关回归；覆盖范围见validation""}]"
,13 OCR、网页提取和剪贴板,剪贴新建与多类型分流,点击剪贴新建 → 显式读取剪贴板 → 文件按格式打开/转换，截图OCR；富文本HTML通过Rust本地HTML解析保留标题/强调/列表并去除脚本；单一网址填网页面板，纯文本建立虚拟文档。失败或无正文有反馈，转换不执行HTML脚本、不自动抓取资源。,/api/clipboard/read → native_system.rs；/api/clipboard/convert-html → headless_renderer.rs；其它分流复用file/ocr/convert,实际Rust HTML→Markdown保留标题/强调/列表；剪贴新建与原生桥兜底通过。,浏览器读取剪贴板受权限/焦点限制；拒绝时反馈而不产生空白成功。,"[{""file"": ""assets/js/features/clipboard.js"", ""symbol"": ""createFromClipboard"", ""line"": 6}]","[{""file"": ""ui-tests/function-completion.spec.js"", ""kind"": ""相关回归；覆盖范围见validation""}, {""file"": ""ui-tests/readmd-ui.spec.js"", ""kind"": ""相关回归；覆盖范围见validation""}]"
,13 OCR、网页提取和剪贴板,隔离网页窗口授权与提取,动态/私有抓取打开隔离系统WebView；私有页面可登录后点授权此站点，产生限定任务、来源与时效的grant。交互抓取窗口点提取此页交回实际DOM，去除脚本和输入值。窗口×取消该job；超时终止；取消渲染与撤销授权独立处理，整批结束撤销授权。外部网页没有阅读器API桥，不继承阅读器cookies。,main.rs nativeWeb/render_web_page/authorize_private_web → desktop_web.rs Manager，临时配置文件隔离；提取结果/api/web/extract,真实隔离WebView动态DOM、Cookie授权、独立桥、输入值剔除、超时/取消/关闭/撤销通过；前端批次取消保留已提取页。,实际验证使用本地页面；外部站点反爬、登录和网络条件不能由本机回归保证。,"[{""file"": ""rust/readmd-kernel/src/desktop_web.rs"", ""symbol"": ""capture_script"", ""line"": 162}, {""file"": ""assets/js/features/web.js"", ""symbol"": ""cancelWebTask"", ""line"": 135}]","[{""file"": ""ui-tests/native-web-test.cjs"", ""kind"": ""相关回归；覆盖范围见validation""}, {""file"": ""ui-tests/readmd-ui.spec.js"", ""kind"": ""相关回归；覆盖范围见validation""}]"
,14 多格式导出、预设和预览,导出格式切换,打开有内容文档 → 导出 → PDF/DOCX/EPUB/HTML/LaTeX/演示六页签 → 切换只展示适用配置组 → 内容优先取当前编辑内容而非只取旧磁盘文件。×关闭配置；导出只在点主按钮后执行。全部98个可输入排版参数与1条说明、范围及默认值见 exports.md。,/api/export/presets GET；导出后端按格式分流,真实HTML/PDF/DOCX输出、PDF页面PNG与导出逐字节匹配、预设加载/保存/失败重试/设置持久化、空内容、取消和单次执行通过。,DOCX为共享AST/设置的版式参考，Word最终分页可能不同；文件写入需权限。,"[{""file"": ""assets/js/features/export.js"", ""symbol"": ""openExportModal"", ""line"": 209}, {""file"": ""assets/js/features/export.js"", ""symbol"": ""currentExportContent"", ""line"": 228}, {""file"": ""assets/js/features/export.js"", ""symbol"": ""renderExportSections"", ""line"": 1038}]","[{""file"": ""ui-tests/function-completion.spec.js"", ""kind"": ""相关回归；覆盖范围见validation""}, {""file"": ""ui-tests/panels-settings.spec.js"", ""kind"": ""相关回归；覆盖范围见validation""}, {""file"": ""ui-tests/ui-quality.spec.js"", ""kind"": ""相关回归；覆盖范围见validation""}, {""file"": ""ui-tests/readmd-ui.spec.js"", ""kind"": ""相关回归；覆盖范围见validation""}]"
,14 多格式导出、预设和预览,预设选择、重置、自定义保存,展开全部预设 → 选极简/经典/商务或用户预设；动态预设卡也能加载 → 合并默认参数/预设 → 重绘字段和预览。改字段变成自定义；重置恢复默认；保存当前预设展开命名表单 → 校验名称 → 写入custom预设并刷新选择。取消命名不改已有配置。浏览器缺少native预设bridge时使用对应前端回退行为，持久范围以源码为准。,/api/export/presets GET/POST → export_styles.rs + server.rs h_export_presets；合并custom/last,真实HTML/PDF/DOCX输出、PDF页面PNG与导出逐字节匹配、预设加载/保存/失败重试/设置持久化、空内容、取消和单次执行通过。,DOCX为共享AST/设置的版式参考，Word最终分页可能不同；文件写入需权限。,"[{""file"": ""assets/js/features/export.js"", ""symbol"": ""loadExportPresets"", ""line"": 181}, {""file"": ""assets/js/features/export.js"", ""symbol"": ""renderExportPresetSelect"", ""line"": 1199}, {""file"": ""assets/js/features/export.js"", ""symbol"": ""expSavePreset"", ""line"": 1424}]","[{""file"": ""ui-tests/function-completion.spec.js"", ""kind"": ""相关回归；覆盖范围见validation""}, {""file"": ""ui-tests/panels-settings.spec.js"", ""kind"": ""相关回归；覆盖范围见validation""}, {""file"": ""ui-tests/ui-quality.spec.js"", ""kind"": ""相关回归；覆盖范围见validation""}, {""file"": ""ui-tests/readmd-ui.spec.js"", ""kind"": ""相关回归；覆盖范围见validation""}]"
,14 多格式导出、预设和预览,版式设置、实时预览和大预览,展开定制版式 → 改字段/预设 → 收集同一份options。PDF请求后端生成真实导出产物并显示其页面；大预览按实际PDF页数翻页。内容/设置相同的导出复用缓存产物，PDF字节一致。DOCX同时生成实际文档及共享内容/参数的PDF版式参考，页面明确提示Word分页为准；HTML保留CSS预览。请求切换与关闭会取消旧请求、丢弃过期响应。,/api/export/preview → export_preview.rs/mdexport.rs；同输入的/api/export复用产物；页面栅格化ocr_winrt.rs,真实HTML/PDF/DOCX输出、PDF页面PNG与导出逐字节匹配、预设加载/保存/失败重试/设置持久化、空内容、取消和单次执行通过。,DOCX为共享AST/设置的版式参考，Word最终分页可能不同；文件写入需权限。,"[{""file"": ""assets/js/features/export.js"", ""symbol"": ""renderExportSections"", ""line"": 1038}, {""file"": ""assets/js/features/export.js"", ""symbol"": ""updateExportLivePreview"", ""line"": 900}, {""file"": ""assets/js/features/export.js"", ""symbol"": ""requestNativeExportPreview"", ""line"": 787}]","[{""file"": ""ui-tests/function-completion.spec.js"", ""kind"": ""相关回归；覆盖范围见validation""}, {""file"": ""ui-tests/panels-settings.spec.js"", ""kind"": ""相关回归；覆盖范围见validation""}, {""file"": ""ui-tests/ui-quality.spec.js"", ""kind"": ""相关回归；覆盖范围见validation""}, {""file"": ""ui-tests/readmd-ui.spec.js"", ""kind"": ""相关回归；覆盖范围见validation""}]"
,14 多格式导出、预设和预览,AI 排版生成,输入排版要求 → 生成/Enter → 使用共享AI连接和readmd-export-style技能 → 解析JSON并归一化白名单 → 合并当前options → 设为自定义 → 即时字段/预览更新。失败显示状态和Toast；不会自动导出文档。,/api/ai/chat；返回结构化排版配置而非任意代码,AI排版请求、返回JSON规范化、合法配置过滤和失败反馈函数核对；导出面板布局/预设通路回归通过。,没有调用外部AI生成真实排版；有效返回仍需实际连接/模型。,"[{""file"": ""assets/js/features/export.js"", ""symbol"": ""generateExportStyleWithAi"", ""line"": 1489}, {""file"": ""assets/js/features/export.js"", ""symbol"": ""normalizeExportAiPayload"", ""line"": 1167}]","[{""file"": ""ui-tests/panels-settings.spec.js"", ""kind"": ""相关回归；覆盖范围见validation""}, {""file"": ""ui-tests/all-panels-layout.spec.js"", ""kind"": ""相关回归；覆盖范围见validation""}]"
,14 多格式导出、预设和预览,执行、取消、打开结果和定位,点导出 → ReadMDTask防重复并显示忙状态 → 桌面选择输出位置 → 按格式导出 → 显示路径/警告。通用导出带task_id可取消，尽可能临时文件提交；TeX有资源目录提交点限制，EPUB不提供同级取消。完成后桌面可打开文件/资源管理器定位；路径已移动显示错误。关闭弹窗与任务取消是不同动作。,/api/export → mdexport.rs；EPUB /api/export/epub；演示Rust经/export写离线HTML，浏览器fallback /api/export/presentation；取消 /api/task/cancel,真实HTML/PDF/DOCX输出、PDF页面PNG与导出逐字节匹配、预设加载/保存/失败重试/设置持久化、空内容、取消和单次执行通过。,DOCX为共享AST/设置的版式参考，Word最终分页可能不同；文件写入需权限。,"[{""file"": ""assets/js/features/export.js"", ""symbol"": ""runExportOnce"", ""line"": 1286}]","[{""file"": ""ui-tests/function-completion.spec.js"", ""kind"": ""相关回归；覆盖范围见validation""}, {""file"": ""ui-tests/panels-settings.spec.js"", ""kind"": ""相关回归；覆盖范围见validation""}, {""file"": ""ui-tests/ui-quality.spec.js"", ""kind"": ""相关回归；覆盖范围见validation""}, {""file"": ""ui-tests/readmd-ui.spec.js"", ""kind"": ""相关回归；覆盖范围见validation""}]"
,14 多格式导出、预设和预览,系统浏览器打印,导出面板相应入口 → 打开打印视图/调用浏览器打印 → 用户在系统对话框选打印机或另存PDF；它和Rust直接生成PDF路径不同，输出由浏览器打印引擎决定。,前端window.print/宿主打印桥按当前绑定调用；不计为第七种格式,打印入口调用window.print及文档可用性条件核对；打印CSS与阅读/导出路径回归通过。,未触发实体打印机或在OS打印对话框中写出文件；由用户选择打印目标。,"[{""file"": ""assets/app.js"", ""symbol"": ""bindEvents"", ""line"": 81}]","[{""file"": ""ui-tests/readmd-ui.spec.js"", ""kind"": ""相关回归；覆盖范围见validation""}]"
,15 演讲演示与局域网共享,演示开启与播放器,当前Markdown → 更多/互动/演示或F5 → POST编译幻灯片HTML → 模态iframe播放器。主题11项、转场6项；A−20px/A24px/A+28px；总览、全屏、退出全屏、关闭；Reveal内部还有上一页/下一页、垂直页、进度点击、Esc总览等条件控件。主题和全屏状态同步到iframe；退出恢复原阅读器。,/api/export/presentation → mdexport.rs render_presentation_html；本地Reveal资源+presentation-bootstrap.js,实际Reveal播放、演示工具栏、主题/字号/全屏/Esc及CSP下加载通过；演示导出命令与播放命令独立。,系统全屏受宿主权限/用户手势约束；PDF演示输出另按导出条件。,"[{""file"": ""assets/js/reader/render.js"", ""symbol"": ""launchPresentationMode"", ""line"": 2696}, {""file"": ""assets/js/reader/render.js"", ""symbol"": ""togglePresentationFullscreen"", ""line"": 2615}]","[{""file"": ""ui-tests/readmd-ui.spec.js"", ""kind"": ""相关回归；覆盖范围见validation""}, {""file"": ""ui-tests/frontend-audit.spec.js"", ""kind"": ""相关回归；覆盖范围见validation""}, {""file"": ""ui-tests/function-completion.spec.js"", ""kind"": ""相关回归；覆盖范围见validation""}]"
,15 演讲演示与局域网共享,开启/关闭共享与扫码访问,打开共享 → 加载/刷新状态 → 开启服务 → 含访问令牌的二维码/地址 → 手机同网访问可点击目录 → Markdown 阅读、链接/图片、下载源文件与回到上级。未保存文档或编辑草稿使用隔离临时快照；磁盘文档共享所在目录。关闭共享停止该会话；重新开启不会恢复旧监听。失败不提示成功，重复点击单次执行，旧状态/二维码不能覆盖最新结果；×仅收起面板。,/api/share/start、status、stop → server.rs 共享状态/监听/令牌访问控制；QR由vendor qrcode生成,真实Rust LAN启动→拒绝匿名→认证目录/Markdown/源下载/HEAD→关闭；草稿快照、重启不恢复旧监听及失败重试通过。,跨设备需同网络和防火墙允许；自动测试在本机实际HTTP访问，没有拿实体手机扫码。,"[{""file"": ""assets/js/features/share.js"", ""symbol"": ""startShare"", ""line"": 105}, {""file"": ""assets/js/features/share.js"", ""symbol"": ""refreshShareStatus"", ""line"": 51}]","[{""file"": ""ui-tests/feature-verification.spec.js"", ""kind"": ""相关回归；覆盖范围见validation""}]"
,16 知识图谱和双向链接,图谱打开与视图控制,有当前文档 → 图谱/命令Ctrl+G → 文件文档先索引目录再读图谱，虚拟文档建立当前内容图 → Canvas显示关联网络；重置视角、放大/缩小、2D/3D切换、特效开关、关闭。特效偏好保存在readmd-graph-fx；无双链常驻按钮可能隐藏，命令可在有文档时调用。,/api/links/index、graph → link_indexer.rs + store.rs；力布局/绘图前端,3D图谱旋转/维度切换/搜索、文件夹先索引及空目录回退、反向链接过滤/页签/未创建目标实际UI回归通过；Rust知识图谱单测通过。,此轮没有对任意大型用户知识库逐个节点操作；不存在目标文件时保持明确不可用状态。,"[{""file"": ""assets/js/features/graph.js"", ""symbol"": ""open"", ""line"": 666}, {""file"": ""assets/js/features/graph.js"", ""symbol"": ""createModal"", ""line"": 100}]","[{""file"": ""ui-tests/workspace-ux.spec.js"", ""kind"": ""相关回归；覆盖范围见validation""}, {""file"": ""ui-tests/all-panels-layout.spec.js"", ""kind"": ""相关回归；覆盖范围见validation""}]"
,16 知识图谱和双向链接,图谱筛选、节点选择与手势,输入节点/别名过滤列表，Enter选首个命中；显示名称开关、仅邻近关联开关；点节点/列表选中，详情有打开笔记；双击节点打开文件。拖节点牵引、拖背景旋转、Shift拖平移、滚轮缩放；键盘方向旋转、±缩放、0重置、Enter打开选中笔记。Esc先取消选择再关闭。,图交互前端；打开笔记 /api/file,3D图谱旋转/维度切换/搜索、文件夹先索引及空目录回退、反向链接过滤/页签/未创建目标实际UI回归通过；Rust知识图谱单测通过。,此轮没有对任意大型用户知识库逐个节点操作；不存在目标文件时保持明确不可用状态。,"[{""file"": ""assets/js/features/graph.js"", ""symbol"": ""renderList"", ""line"": 243}, {""file"": ""assets/js/features/graph.js"", ""symbol"": ""onPointerDown"", ""line"": 179}, {""file"": ""assets/js/features/graph.js"", ""symbol"": ""select"", ""line"": 264}]","[{""file"": ""ui-tests/workspace-ux.spec.js"", ""kind"": ""相关回归；覆盖范围见validation""}, {""file"": ""ui-tests/all-panels-layout.spec.js"", ""kind"": ""相关回归；覆盖范围见validation""}]"
,16 知识图谱和双向链接,反向链接抽屉,更多/互动/反向链接 → incoming反向引用/outgoing正向链接两页签 → 搜索过滤路径/别名/上下文 → 点有效笔记行打开；未创建目标显示deadlink并禁用 → ×关闭。文档切换刷新关联；有虚拟文档但无磁盘路径时不能生成真实文件反向索引。,/api/links/backlinks → link_indexer.rs/store.rs,3D图谱旋转/维度切换/搜索、文件夹先索引及空目录回退、反向链接过滤/页签/未创建目标实际UI回归通过；Rust知识图谱单测通过。,此轮没有对任意大型用户知识库逐个节点操作；不存在目标文件时保持明确不可用状态。,"[{""file"": ""assets/js/features/graph.js"", ""symbol"": ""createDrawer"", ""line"": 696}, {""file"": ""assets/js/features/graph.js"", ""symbol"": ""refreshBacklinks"", ""line"": 725}]","[{""file"": ""ui-tests/workspace-ux.spec.js"", ""kind"": ""相关回归；覆盖范围见validation""}, {""file"": ""ui-tests/all-panels-layout.spec.js"", ""kind"": ""相关回归；覆盖范围见validation""}]"
,17 修复报告、样式定制和系统设置,自动修复报告和修复副本,读取/转换后的fixes不为空或有内容时 → 修复详情 → 列每条自动修正文本及数量 → 另存修复版调用save_fixed；源文件名旁生成.readmd后缀副本，原文件保留；关闭返回阅读。修复列表是说明文本，不存在逐条“接受/拒绝”按钮。,/api/file 或convert产生fixes；/api/file/save-fixed → server.rs；readmd_fix.rs/formula_repair.rs,修复报告/副本入口、修复项目和文件读取链核对；Rust内容修复/副本/损坏文本单测通过。；保存/副本/恢复最终流程参照生命周期报告及专项测试。,自动修复改变的是可识别结构问题；用户仍可比较源码并保留原文件。,"[{""file"": ""assets/js/reader/fixes.js"", ""symbol"": ""showFixModal"", ""line"": 8}]","[{""file"": ""ui-tests/all-panels-layout.spec.js"", ""kind"": ""相关回归；覆盖范围见validation""}, {""file"": ""ui-tests/readmd-ui.spec.js"", ""kind"": ""相关回归；覆盖范围见validation""}, {""file"": ""ui-tests/document-lifecycle.spec.js"", ""kind"": ""本轮生命周期补充回归""}]"
,17 修复报告、样式定制和系统设置,AI 深度排版自愈,有文档 → AI 深度排版 → 单次请求。只有来源标签、编辑器实例和原文仍一致时才以可撤销事务应用；原文变化、换标签或阅读模式时建立未保存 AI 副本，保留原文件及当前草稿。HTTP/业务失败和空结果均明确反馈；不会修改干净基线来伪装成已保存。 保存、副本、转换输出和跨会话恢复的最终策略详见文档生命周期清单；恢复记录集中存储，不再新增旁边.bak。,/api/ai/chat 使用readmd-format-fix技能；最终保存 /api/save,来源/编辑器/正文三重身份校验；阅读态、换标签、新编辑、textarea兜底生成安全副本；同编辑器可独立撤销通过。；保存/副本/恢复最终流程参照生命周期报告及专项测试。,受控AI响应验证前端事务；没有以用户凭据在线修复文档。,"[{""file"": ""assets/js/reader/fixes.js"", ""symbol"": ""handleAiDocumentFix"", ""line"": 33}]","[{""file"": ""ui-tests/feature-verification.spec.js"", ""kind"": ""相关回归；覆盖范围见validation""}, {""file"": ""ui-tests/v238-ai-config.spec.js"", ""kind"": ""相关回归；覆盖范围见validation""}, {""file"": ""ui-tests/document-lifecycle.spec.js"", ""kind"": ""本轮生命周期补充回归""}]"
,17 修复报告、样式定制和系统设置,样式预设、CSS/Head和AI生成,打开样式面板 → 加载状态/失败重试 → CSS、Head、模板及 AI 生成 → 保存后应用 CSS。加载时锁定字段，旧加载不能覆盖新窗口；保存单次执行，失败保留输入；保存中继续编辑不会被关闭或覆盖。保存是主按钮，AI 生成是辅助操作；外部 Head 资源仍取决于用户声明的资源条件。,/api/style/get、save → server.rs；AI /api/ai/chat 使用readmd-style-custom,样式加载锁、加载错误重试、保存单次执行、失败保留表单、保存中后续输入不被关闭覆盖通过。,自定义CSS/Head按已有安全策略渲染；AI生成需有效连接。,"[{""file"": ""assets/app.js"", ""symbol"": ""openStyleModal"", ""line"": 1321}, {""file"": ""assets/app.js"", ""symbol"": ""saveStyleModal"", ""line"": 1353}]","[{""file"": ""ui-tests/feature-verification.spec.js"", ""kind"": ""相关回归；覆盖范围见validation""}, {""file"": ""ui-tests/readmd-ui.spec.js"", ""kind"": ""相关回归；覆盖范围见validation""}, {""file"": ""ui-tests/all-panels-layout.spec.js"", ""kind"": ""相关回归；覆盖范围见validation""}]"
,17 修复报告、样式定制和系统设置,界面语言、默认关联和开机自启,语言 → 搜索并选择语言 → 即时重翻界面。默认打开方式 → 注册用户级 ReadMD ProgId、Capabilities、OpenWith 与引用命令 → 打开 Windows 默认应用设置 → 用户选择各 Markdown 扩展名 → 只读状态接口核对系统实际打开程序；注册不代表已设为默认，不改受保护 UserChoice。开机自启开关调用原有 API 保存并回读。浏览器/非Windows说明平台条件。,/api/system/assoc POST {op:register|status}、/api/autostart/get、set；win_registry.rs modern_association_writes/default_executable、native_system.rs shell_open；四种扩展名 .md/.markdown/.mdown/.mkd。,现代关联注册计划、不覆盖UserChoice及有效打开程序只读查询通过。,未改用户当前默认应用；Windows最终选择由用户在系统设置完成。,"[{""file"": ""assets/js/core/i18n.js"", ""symbol"": null, ""line"": 1}, {""file"": ""assets/js/core/history.js"", ""symbol"": ""installAssoc"", ""line"": 514}, {""file"": ""assets/js/core/settings.js"", ""symbol"": ""toggleAutostart"", ""line"": 155}]","[{""file"": ""ui-tests/readmd-ui.spec.js"", ""kind"": ""相关回归；覆盖范围见validation""}, {""file"": ""ui-tests/feature-verification.spec.js"", ""kind"": ""相关回归；覆盖范围见validation""}, {""file"": ""ui-tests/window-upgrade.spec.js"", ""kind"": ""本轮界面行为回归""}, {""file"": ""docs/reviews/readmd-window-system-upgrade-2026-10-04.md"", ""kind"": ""实现、实机和网络验证范围""}]"
,18 应用更新,检查、下载、取消、应用和浏览器查看,启动后静默检查或手动检查（并发合并） → GitHub API/发布重定向/镜像回退 → 显示新版本 → 首选镜像可切换 → 下载候选源故障或校验失败时自动尝试下一源 → SHA256 校验 → 保存/放弃/取消未保存修改 → 安装器启动或便携版事务替换 → 退出并重新打开。检查失败按30秒/2分钟/10分钟重试，联网恢复立即重查；检查整体45秒限时。取消不发布未验证包，安装失败可重试；替换失败保留原版本并给出反馈。,/api/update/check、download、status、cancel、apply → updater.rs 代理/回退/检查；batch2.rs 下载与哈希门；update_install.rs Windows安装器/事务替换/一份回滚文件/辅助程序清理；文档草稿由 document-history.js 保护。,真实更新检查成功，不可用代理明确报错；镜像失败/损坏/取消与SHA门、事务替换单测、联网重试和安装取消UI回归通过。,未下载/安装真实发布包；PAC、企业自签证书和全部外网封锁不保证可达。,"[{""file"": ""assets/js/features/updater.js"", ""symbol"": ""checkUpdate"", ""line"": 24}, {""file"": ""assets/js/features/updater.js"", ""symbol"": ""startUpdateDownload"", ""line"": 149}, {""file"": ""assets/js/features/updater.js"", ""symbol"": ""cancelUpdateDownload"", ""line"": 278}]","[{""file"": ""ui-tests/feature-verification.spec.js"", ""kind"": ""相关回归；覆盖范围见validation""}, {""file"": ""ui-tests/readmd-ui.spec.js"", ""kind"": ""相关回归；覆盖范围见validation""}, {""file"": ""ui-tests/all-panels-layout.spec.js"", ""kind"": ""相关回归；覆盖范围见validation""}, {""file"": ""ui-tests/window-upgrade.spec.js"", ""kind"": ""本轮界面行为回归""}, {""file"": ""docs/reviews/readmd-window-system-upgrade-2026-10-04.md"", ""kind"": ""实现、实机和网络验证范围""}]"
,19 桌宠设置、角色库和伴读互动,桌宠工作台、预览和页签,设置/桌宠 → 加载运行状态与角色库 → 左侧完整角色预览、启用开关 → 角色/陪伴/设置三页签。切页签只切对应内容；预览使用精灵图完整帧/Live2D模型或Bongo预览资源，实际桌面窗口和设置预览不是同一个渲染实例。,/api/pets/status、/api/pets、上游角色目录本地资源；pet_catalog.rs/manifest数据,角色预览实际解码、伴读使者图片、搜索/收藏/选择回滚、紧凑尺寸/透明度/锁定/置顶及真实Rust偏好持久化通过。,新增角色需合法精灵资源；桌面角色运行需独立运行时。外部图库在线下载未穷举。,"[{""file"": ""assets/js/features/pet-batch.js"", ""symbol"": ""openPetSettings"", ""line"": 1116}, {""file"": ""assets/js/features/pet-batch.js"", ""symbol"": ""updateCharacterPreview"", ""line"": 963}, {""file"": ""assets/js/features/pet-workbench.js"", ""symbol"": ""init"", ""line"": 98}]","[{""file"": ""ui-tests/pet-workbench.spec.js"", ""kind"": ""相关回归；覆盖范围见validation""}, {""file"": ""ui-tests/pet-window-settings.spec.js"", ""kind"": ""相关回归；覆盖范围见validation""}, {""file"": ""ui-tests/pet-runtime.spec.js"", ""kind"": ""相关回归；覆盖范围见validation""}, {""file"": ""ui-tests/pet-overhaul.spec.js"", ""kind"": ""相关回归；覆盖范围见validation""}]"
,19 桌宠设置、角色库和伴读互动,角色搜索、分类渲染器、收藏和选择,角色页 → 精灵图/Live2D筛选 → 搜索名称/标识 → 点击角色卡选择，星形收藏单独切换不选中角色。精灵图和Live2D各走其配置路径，选择中锁定防并发，失败恢复并显示反馈。库下拉可选伴读使者、BongoCat及当前库/目录合并项。角色目录不是每个都已经导入用户库。,/api/pets/active、configure；parity_pets.rs + desktop_pet.rs；收藏前端localStorage,角色预览实际解码、伴读使者图片、搜索/收藏/选择回滚、紧凑尺寸/透明度/锁定/置顶及真实Rust偏好持久化通过。,新增角色需合法精灵资源；桌面角色运行需独立运行时。外部图库在线下载未穷举。,"[{""file"": ""assets/js/features/pet-workbench.js"", ""symbol"": ""renderRoster"", ""line"": 258}, {""file"": ""assets/js/features/pet-workbench.js"", ""symbol"": ""choose"", ""line"": 220}, {""file"": ""assets/js/features/pet-batch.js"", ""symbol"": ""refreshPetGallery"", ""line"": 1611}]","[{""file"": ""ui-tests/pet-workbench.spec.js"", ""kind"": ""相关回归；覆盖范围见validation""}, {""file"": ""ui-tests/pet-window-settings.spec.js"", ""kind"": ""相关回归；覆盖范围见validation""}, {""file"": ""ui-tests/pet-runtime.spec.js"", ""kind"": ""相关回归；覆盖范围见validation""}, {""file"": ""ui-tests/pet-overhaul.spec.js"", ""kind"": ""相关回归；覆盖范围见validation""}]"
,19 桌宠设置、角色库和伴读互动,导入/删除自定义精灵图,角色库导入PNG → 前端文件大小17MiB检查/转base64 → 后端验证图尺寸/布局和slug → 入库刷新；删除仅自定义项显示 → 危险确认 → remove → 刷新/必要时回到默认角色。内置角色不能用此删除按钮卸载；缩略图由thumb接口或本地资源加载。,/api/pets/import、remove、thumb → parity_pets.rs；图资源与目录边界检查,角色预览实际解码、伴读使者图片、搜索/收藏/选择回滚、紧凑尺寸/透明度/锁定/置顶及真实Rust偏好持久化通过。,新增角色需合法精灵资源；桌面角色运行需独立运行时。外部图库在线下载未穷举。,"[{""file"": ""assets/js/features/pet-batch.js"", ""symbol"": ""initPetSystem"", ""line"": 1205}, {""file"": ""assets/js/features/pet-batch.js"", ""symbol"": ""updatePetDeleteButtonVisibility"", ""line"": 1599}]","[{""file"": ""ui-tests/pet-workbench.spec.js"", ""kind"": ""相关回归；覆盖范围见validation""}, {""file"": ""ui-tests/pet-window-settings.spec.js"", ""kind"": ""相关回归；覆盖范围见validation""}, {""file"": ""ui-tests/pet-runtime.spec.js"", ""kind"": ""相关回归；覆盖范围见validation""}, {""file"": ""ui-tests/pet-overhaul.spec.js"", ""kind"": ""相关回归；覆盖范围见validation""}]"
,19 桌宠设置、角色库和伴读互动,运行位置、启用、尺寸、透明度和置顶,设置页 → 阅读器内/独立桌面 → 启用 → 大小8–48（默认22，逻辑尺寸再由角色渲染器计算）→ 不透明度 → 保持置顶/锁定位置/Bongo按键音效 → onchange自动保存；range input即时数字/预览，change提交。重置位置重设widget/宿主相应位置。置顶是可选项；锁定阻止拖动。音效只对Bongo机制有意义。,/api/pets/configure → parity_pets.rs/desktop_pet.rs/pet_window_state.rs；保存preferences并配置独立宿主,角色预览实际解码、伴读使者图片、搜索/收藏/选择回滚、紧凑尺寸/透明度/锁定/置顶及真实Rust偏好持久化通过。,新增角色需合法精灵资源；桌面角色运行需独立运行时。外部图库在线下载未穷举。,"[{""file"": ""assets/js/features/pet-batch.js"", ""symbol"": ""capturePetSettings"", ""line"": 1047}, {""file"": ""assets/js/features/pet-batch.js"", ""symbol"": ""applyPetSettings"", ""line"": 1077}, {""file"": ""assets/js/features/pet-batch.js"", ""symbol"": ""resetWidgetPosition"", ""line"": 565}]","[{""file"": ""ui-tests/pet-workbench.spec.js"", ""kind"": ""相关回归；覆盖范围见validation""}, {""file"": ""ui-tests/pet-window-settings.spec.js"", ""kind"": ""相关回归；覆盖范围见validation""}, {""file"": ""ui-tests/pet-runtime.spec.js"", ""kind"": ""相关回归；覆盖范围见validation""}, {""file"": ""ui-tests/pet-overhaul.spec.js"", ""kind"": ""相关回归；覆盖范围见validation""}]"
,19 桌宠设置、角色库和伴读互动,安装/卸载桌宠扩展与运行时更新,独立桌面模式显示运行时与扩展动作 → 一键安装从本地随包资源/配置路径准备runtime → 安装桌宠扩展；已安装按钮变卸载，卸载前确认。运行时按钮在可更新状态转检查更新 → allow_network:true → 发现版本确认 → apply_update，400ms轮询进度 → 刷新状态。桌宠扩展的生命周期和pip插件中心是两套后端。,/api/pets/runtime/install、install、uninstall、check_update、apply_update、update_status → parity_pets.rs/pet_launcher.rs,实际现有离线桌宠包安装条件测试通过；安装入口、运行时状态、卸载/更新调用链和错误反馈核对。,UI自动安装测试使用受控运行时返回；没有升级用户全局桌宠安装。,"[{""file"": ""assets/js/features/pet-batch.js"", ""symbol"": ""installDefaultPetRuntime"", ""line"": 1577}, {""file"": ""assets/js/features/pet-batch.js"", ""symbol"": ""initPetSystem"", ""line"": 1205}]","[{""file"": ""ui-tests/pet-setup.spec.js"", ""kind"": ""相关回归；覆盖范围见validation""}, {""file"": ""ui-tests/pet-runtime.spec.js"", ""kind"": ""相关回归；覆盖范围见validation""}]"
,19 桌宠设置、角色库和伴读互动,陪伴风格、气泡和养成动作,陪伴页 → 活跃/安静风格 → 开关伴读提示气泡 → 打招呼、打开AI聊天；摸摸头、喂食、玩耍、休息/唤醒五种动作 → /interact → 更新等级/体力/心情/亲密度、状态和台词。休息/唤醒按resting只显示适用项；冷却或体力不足明确反馈；安静模式不等于关闭所有交互。,/api/pets/interact、configure → parity_pets.rs 持久化companion状态/冷却/恢复,主动问候/安静模式、点击台词/动作、养成命令、拖动锁定及快捷条回归通过。,阅读器内与桌面渲染器机制不同；有意交互仍可在安静模式使用。,"[{""file"": ""assets/js/features/pet-companion-actions.js"", ""symbol"": ""init"", ""line"": 40}, {""file"": ""assets/js/features/pet-workbench.js"", ""symbol"": ""quiet"", ""line"": 203}]","[{""file"": ""ui-tests/pet-workbench.spec.js"", ""kind"": ""相关回归；覆盖范围见validation""}, {""file"": ""ui-tests/pet-overhaul.spec.js"", ""kind"": ""相关回归；覆盖范围见validation""}]"
,19 桌宠设置、角色库和伴读互动,阅读器内点击、拖动和快捷条,阅读器内角色 → 单击播放原图动作及时段/角色台词，连续戳触发组合反馈；按住超阈值拖动改变位置，锁定时受限。快捷条：设置、收起、AI、安静切换；收起保存disabled状态。气泡点击/交互、阅读进度提醒、空闲/打盹/睡眠属于有状态的陪伴机制，不强制给所有角色加键盘。,/api/pets/configure + 前端位置/状态；阅读器内输入反馈仅当前页面事件,主动问候/安静模式、点击台词/动作、养成命令、拖动锁定及快捷条回归通过。,阅读器内与桌面渲染器机制不同；有意交互仍可在安静模式使用。,"[{""file"": ""assets/js/features/pet-batch.js"", ""symbol"": ""initPetDirectManipulation"", ""line"": 576}, {""file"": ""assets/js/features/pet-batch.js"", ""symbol"": ""handlePetInteractiveClick"", ""line"": 706}, {""file"": ""assets/js/features/pet-batch.js"", ""symbol"": ""initBubbleInteractions"", ""line"": 309}]","[{""file"": ""ui-tests/pet-workbench.spec.js"", ""kind"": ""相关回归；覆盖范围见validation""}, {""file"": ""ui-tests/pet-overhaul.spec.js"", ""kind"": ""相关回归；覆盖范围见validation""}]"
,20 独立桌宠窗口和快捷菜单,原生拖动、透明区域和Bongo输入动作,角色实体拖动超4px阈值触发原生窗口拖拽；透明外围按alpha命中区穿透；锁定位置禁拖。Bongo按键、鼠标左右键/移动触发左右手/键鼠反馈与可选声音；精灵图用自身动作帧、朝向、闲置和完成反馈，Live2D用模型视线/动作/表情，不假设每个角色都有键盤。,Rust pet_host.rs/desktop_pet.rs/native输入与窗口事件；renderer通过控制协议配置；仅实际runtime启动时有效,真实离线Bongo/Cubism、原创精灵图和Live2D渲染，按各自机制验证；输入按下/释放/100次快敲、拖动阈值、透明区域和右键菜单通过。,浏览器驱动实际渲染器并使用宿主桥夹具；Rust宿主单测覆盖原生命中/拖动/输入，未在所有多屏/DPI硬件实机穷举。,"[{""file"": ""packages/readmd-pet-rust/renderer/bongocat.js"", ""symbol"": null, ""line"": 1}, {""file"": ""packages/readmd-hermes-pet-adapter/src/live2d/stage.ts"", ""symbol"": null, ""line"": 1}]","[{""file"": ""ui-tests/pet-bongo.spec.js"", ""kind"": ""相关回归；覆盖范围见validation""}, {""file"": ""ui-tests/pet-overhaul.spec.js"", ""kind"": ""相关回归；覆盖范围见validation""}, {""file"": ""ui-tests/pet-window-settings.spec.js"", ""kind"": ""相关回归；覆盖范围见validation""}]"
,20 独立桌宠窗口和快捷菜单,右键快捷菜单、角色子菜单和互动气泡,右键实体 → ReadMD、剪贴板、角色、玩耍、设置、隐藏六项；角色子菜单有返回和每个角色，标记当前选择。点击宠物打开互动气泡 → 摸头、喂食、玩耍、休息/唤醒、AI聊天、关闭。菜单/气泡打开时扩大有效点击区，关闭后恢复实体范围；取消/外部点/键盘处理按renderer事件。,pet_host.rs 控制消息open-app/toggle-app/character/interact/hide；/api/control/pet-menu、pets/interact/configure；主阅读器轮询消费,真实离线Bongo/Cubism、原创精灵图和Live2D渲染，按各自机制验证；输入按下/释放/100次快敲、拖动阈值、透明区域和右键菜单通过。,浏览器驱动实际渲染器并使用宿主桥夹具；Rust宿主单测覆盖原生命中/拖动/输入，未在所有多屏/DPI硬件实机穷举。,"[{""file"": ""packages/readmd-pet-rust/renderer/bongocat.js"", ""symbol"": null, ""line"": 1}, {""file"": ""packages/readmd-hermes-pet-adapter/src/pet-life.ts"", ""symbol"": null, ""line"": 1}]","[{""file"": ""ui-tests/pet-bongo.spec.js"", ""kind"": ""相关回归；覆盖范围见validation""}, {""file"": ""ui-tests/pet-overhaul.spec.js"", ""kind"": ""相关回归；覆盖范围见validation""}, {""file"": ""ui-tests/pet-window-settings.spec.js"", ""kind"": ""相关回归；覆盖范围见validation""}]"
,20 独立桌宠窗口和快捷菜单,桌宠拖入文件与跨进程唤起,从系统文件管理器拖文件到独立桌宠 → 原生取得完整路径 → 写入耐久命令/批次队列 → 唤起主ReadMD → 主页面控制轮询消费 → Markdown打开；图片OCR；文档/多文件批量转换。队列传路径/任务而不是仅传浏览器File.name；ZIP/目录按相应可识别分派处理。,/api/control/pet-batch、pet-menu、next + pet_queue/pet_host；复用转换/OCR/文件入口,桌宠文件Drop桥、批次接收/跨进程控制队列入口核对；Rust队列/启动/文件投递单测和转换端到端通过。,OS拖放需桌面宿主；未在本轮手动从Windows资源管理器穷举各类拖入组合。,"[{""file"": ""assets/js/features/pet-batch.js"", ""symbol"": ""receivePetBatch"", ""line"": 178}, {""file"": ""assets/js/features/pet-batch.js"", ""symbol"": ""pollPetControls"", ""line"": 1160}, {""file"": ""packages/readmd-pet-rust/renderer/bongocat.js"", ""symbol"": null, ""line"": 1}]","[{""file"": ""ui-tests/function-completion.spec.js"", ""kind"": ""相关回归；覆盖范围见validation""}, {""file"": ""ui-tests/v238-batch-workbench.spec.js"", ""kind"": ""相关回归；覆盖范围见validation""}]"
,21 命令面板、快捷键和通用对话框,全局命令面板及快捷键查询,按钮/Ctrl+K打开 → 输入模糊查询 → 可点命令、最近文件或设置 → Enter执行；上下导航、Esc关闭；最近使用命令参与排序。快捷键说明可打开并搜索，展示与当前编辑/文档条件有关的命令。全部注册记录逐项见 commands.md；hidden项和条件不可用项单独注明。,复用各具体功能；MRU、搜索与键位显示前端localStorage,命令注册、搜索排序、实际执行/MRU、列表键盘、快捷键查询和输入框保护通过。,按当前文档和平台状态启用命令；每项复用对应主功能处理器。,"[{""file"": ""assets/js/shell/shell-deferred.js"", ""symbol"": null, ""line"": 1}, {""file"": ""assets/js/shell/shell.js"", ""symbol"": ""onGlobalKey"", ""line"": 32}]","[{""file"": ""ui-tests/shell-upgrade.spec.js"", ""kind"": ""相关回归；覆盖范围见validation""}, {""file"": ""ui-tests/ui-quality.spec.js"", ""kind"": ""相关回归；覆盖范围见validation""}]"
,21 命令面板、快捷键和通用对话框,保存、冲突、选择、确认和连续模式提示,通用弹层统一管理打开顺序、顶层 Escape、焦点循环/归还及背景 inert；保留保存、冲突、选择、确认和持续任务关闭保护。动态弹层同样登记，inert 控件不会参与循环。所有静态弹窗统一 44px 目标、滚动可达的表单和主题/焦点/滚动条样式；在两种指定窗口、三种语言逐面板检查。 保存、副本、转换输出和跨会话恢复的最终策略详见文档生命周期清单；恢复记录集中存储，不再新增旁边.bak。,对话框前端；确认后由调用者进入save/rename/convert/plugin/skill等对应后端,保存/放弃/取消、冲突恢复、叠层焦点、隐藏折叠项排除、IME/Esc、触控目标及28个弹窗168种组合可访问性通过。；保存/副本/恢复最终流程参照生命周期报告及专项测试。,44px是交互目标；单个表格网格/长内容允许内部滚动，不把隐藏控件计作初始焦点。,"[{""file"": ""assets/js/core/modal.js"", ""symbol"": null, ""line"": 1}, {""file"": ""assets/js/core/dialog.js"", ""symbol"": ""confirmAction"", ""line"": 5}, {""file"": ""assets/js/core/tabs.js"", ""symbol"": ""askChoice"", ""line"": 626}, {""file"": ""assets/js/editor/preview.js"", ""symbol"": ""promptSaveConflict"", ""line"": 635}]","[{""file"": ""ui-tests/feature-verification.spec.js"", ""kind"": ""相关回归；覆盖范围见validation""}, {""file"": ""ui-tests/ui-quality.spec.js"", ""kind"": ""相关回归；覆盖范围见validation""}, {""file"": ""ui-tests/readmd-ui.spec.js"", ""kind"": ""相关回归；覆盖范围见validation""}, {""file"": ""ui-tests/all-panels-layout.spec.js"", ""kind"": ""相关回归；覆盖范围见validation""}, {""file"": ""ui-tests/document-lifecycle.spec.js"", ""kind"": ""本轮生命周期补充回归""}]"
,21 命令面板、快捷键和通用对话框,窗口控制、托盘驻留与退出恢复,应用自绘顶栏：拖动空白区移动窗口，双击最大化/还原，边缘调整大小；按钮最小化、最大化/还原、关闭。打开/目录/最近/命令/主题/更多集中在顶栏，下一行只保留文档工具。默认关闭驻留 Windows 系统托盘，标签与编辑器保持运行；托盘点击恢复，右键打开文件或完全退出。更多菜单可关闭驻留并保存偏好。重复启动恢复原窗口，文件启动直接交给已驻留实例。完全退出仅对真实修改提示保存/不保存/取消；取消保留编辑器，放弃先留恢复记录；无修改直接退出。,main.rs Wry/Tao Window IPC 与 CloseRequested；native_tray.rs Shell_NotifyIcon/TaskbarCreated/重试；server.rs 外部打开立即唤醒；settings.json closeToTray；恢复与保存 API；仅同源阅读器可调用宿主 IPC。,真实Windows自绘顶栏/拖动/窗口控制、托盘驻留恢复、重复启动唤起、文件交接、脏退出取消及恢复通过。,原生窗口功能仅Windows桌面宿主；浏览器原生按钮隐藏。,"[{""file"": ""assets/js/shell/shell.js"", ""symbol"": ""initWindowChrome"", ""line"": 99}, {""file"": ""assets/js/shell/shell.js"", ""symbol"": ""syncWindowPreferences"", ""line"": 92}, {""file"": ""assets/js/features/document-history.js"", ""symbol"": ""prepareClose"", ""line"": 192}, {""file"": ""assets/js/core/tabs.js"", ""symbol"": ""closeAllTabs"", ""line"": 737}]","[{""file"": ""ui-tests/document-lifecycle.spec.js"", ""kind"": ""保存/恢复/资源引用/失败保护专项""}, {""file"": ""rust/readmd-kernel/src/document_history.rs"", ""kind"": ""存储单元测试""}, {""file"": ""ui-tests/native-web-test.cjs"", ""kind"": ""真实Windows WM_CLOSE退出保护""}, {""file"": ""ui-tests/window-upgrade.spec.js"", ""kind"": ""本轮界面行为回归""}, {""file"": ""docs/reviews/readmd-window-system-upgrade-2026-10-04.md"", ""kind"": ""实现、实机和网络验证范围""}]"
